USE `event_manager`;

-- -----------------------------------------------------
-- Table `event_manager`.`address`
-- -----------------------------------------------------
INSERT INTO `address` (`id`, `address_line_1`, `address_line_2`, `state`, `city`, `postal_code`, `created_at`,
                       `updated_at`)
VALUES (1, '', NULL, 'Oregon', 'Schadenberg', 'kyhn', '2006-11-29 09:47:08', '1991-09-19 05:03:50');
INSERT INTO `address` (`id`, `address_line_1`, `address_line_2`, `state`, `city`, `postal_code`, `created_at`,
                       `updated_at`)
VALUES (2, '', NULL, 'NewHampshire', 'Mertzville', 'mgqk', '2011-09-21 16:34:07', '2017-08-24 15:57:12');
INSERT INTO `address` (`id`, `address_line_1`, `address_line_2`, `state`, `city`, `postal_code`, `created_at`,
                       `updated_at`)
VALUES (3, '', NULL, 'Wyoming', 'Ruthetown', 'wwly', '2000-06-04 21:58:57', '2011-10-28 06:27:00');
INSERT INTO `address` (`id`, `address_line_1`, `address_line_2`, `state`, `city`, `postal_code`, `created_at`,
                       `updated_at`)
VALUES (4, '', NULL, 'NewJersey', 'Derickshire', 'jcdz', '2014-10-24 10:44:10', '2010-12-05 01:23:41');
INSERT INTO `address` (`id`, `address_line_1`, `address_line_2`, `state`, `city`, `postal_code`, `created_at`,
                       `updated_at`)
VALUES (5, '', NULL, 'NewYork', 'Port Krystel', 'fjnf', '1997-08-12 22:40:49', '1993-09-03 16:02:57');
INSERT INTO `address` (`id`, `address_line_1`, `address_line_2`, `state`, `city`, `postal_code`, `created_at`,
                       `updated_at`)
VALUES (6, '', NULL, 'Alaska', 'North Juliohaven', 'foqc', '2019-07-17 02:49:39', '2013-04-25 09:19:36');
INSERT INTO `address` (`id`, `address_line_1`, `address_line_2`, `state`, `city`, `postal_code`, `created_at`,
                       `updated_at`)
VALUES (7, '', NULL, 'NewHampshire', 'North Jillian', 'ywjw', '2003-09-12 21:40:06', '2018-01-25 19:49:23');
INSERT INTO `address` (`id`, `address_line_1`, `address_line_2`, `state`, `city`, `postal_code`, `created_at`,
                       `updated_at`)
VALUES (8, '', NULL, 'Kansas', 'Adriannafurt', 'anlf', '2019-01-20 05:13:41', '1988-03-12 14:19:56');
INSERT INTO `address` (`id`, `address_line_1`, `address_line_2`, `state`, `city`, `postal_code`, `created_at`,
                       `updated_at`)
VALUES (9, '', NULL, 'NewYork', 'Mrazland', 'nmut', '1996-03-25 06:30:23', '1999-09-20 02:22:23');
INSERT INTO `address` (`id`, `address_line_1`, `address_line_2`, `state`, `city`, `postal_code`, `created_at`,
                       `updated_at`)
VALUES (10, '', NULL, 'Connecticut', 'Abigalemouth', 'vqjw', '2004-02-28 21:31:42', '2019-03-28 14:22:44');
INSERT INTO `address` (`id`, `address_line_1`, `address_line_2`, `state`, `city`, `postal_code`, `created_at`,
                       `updated_at`)
VALUES (11, '', NULL, 'Maine', 'Antonettaberg', 'nolg', '1984-01-23 17:27:28', '2016-06-06 10:52:29');
INSERT INTO `address` (`id`, `address_line_1`, `address_line_2`, `state`, `city`, `postal_code`, `created_at`,
                       `updated_at`)
VALUES (12, '', NULL, 'Alabama', 'Lake Zachery', 'irpy', '2013-12-24 12:49:44', '1980-01-13 14:59:50');
INSERT INTO `address` (`id`, `address_line_1`, `address_line_2`, `state`, `city`, `postal_code`, `created_at`,
                       `updated_at`)
VALUES (13, '', NULL, 'Nevada', 'Zenaberg', 'etsn', '2015-08-31 13:30:59', '1999-10-17 10:28:49');
INSERT INTO `address` (`id`, `address_line_1`, `address_line_2`, `state`, `city`, `postal_code`, `created_at`,
                       `updated_at`)
VALUES (14, '', NULL, 'Wisconsin', 'Port Mayafurt', 'xdfe', '2005-02-15 12:00:28', '1973-03-26 12:15:33');
INSERT INTO `address` (`id`, `address_line_1`, `address_line_2`, `state`, `city`, `postal_code`, `created_at`,
                       `updated_at`)
VALUES (15, '', NULL, 'Louisiana', 'New Chasity', 'hmel', '2008-01-26 03:36:47', '2009-12-20 15:52:59');
INSERT INTO `address` (`id`, `address_line_1`, `address_line_2`, `state`, `city`, `postal_code`, `created_at`,
                       `updated_at`)
VALUES (16, '', NULL, 'NewJersey', 'South Toreyport', 'murz', '1997-11-06 05:52:02', '2005-07-24 10:20:52');
INSERT INTO `address` (`id`, `address_line_1`, `address_line_2`, `state`, `city`, `postal_code`, `created_at`,
                       `updated_at`)
VALUES (17, '', NULL, 'Idaho', 'South Vedaland', 'mrmv', '1996-06-19 06:48:18', '1994-05-24 14:47:20');
INSERT INTO `address` (`id`, `address_line_1`, `address_line_2`, `state`, `city`, `postal_code`, `created_at`,
                       `updated_at`)
VALUES (18, '', NULL, 'RhodeIsland', 'Lake Dereck', 'uqvp', '1996-06-10 23:28:56', '1993-12-18 18:26:04');
INSERT INTO `address` (`id`, `address_line_1`, `address_line_2`, `state`, `city`, `postal_code`, `created_at`,
                       `updated_at`)
VALUES (19, '', NULL, 'Maryland', 'Sawaynborough', 'eqnd', '1970-03-13 05:28:00', '1988-10-30 06:20:11');
INSERT INTO `address` (`id`, `address_line_1`, `address_line_2`, `state`, `city`, `postal_code`, `created_at`,
                       `updated_at`)
VALUES (20, '', NULL, 'Nebraska', 'Larkinfurt', 'wgbv', '1990-10-26 00:13:14', '1987-08-06 10:26:28');
INSERT INTO `address` (`id`, `address_line_1`, `address_line_2`, `state`, `city`, `postal_code`, `created_at`,
                       `updated_at`)
VALUES (21, '', NULL, 'Texas', 'North Abbeyfort', 'izfq', '2016-04-16 13:29:38', '1978-02-22 22:57:28');
INSERT INTO `address` (`id`, `address_line_1`, `address_line_2`, `state`, `city`, `postal_code`, `created_at`,
                       `updated_at`)
VALUES (22, '', NULL, 'Oregon', 'Bennettfurt', 'vadh', '1977-05-23 08:22:15', '2005-09-10 00:20:55');
INSERT INTO `address` (`id`, `address_line_1`, `address_line_2`, `state`, `city`, `postal_code`, `created_at`,
                       `updated_at`)
VALUES (23, '', NULL, 'SouthDakota', 'Gusikowskiton', 'jrcd', '1997-02-27 00:39:05', '1997-09-11 00:59:02');
INSERT INTO `address` (`id`, `address_line_1`, `address_line_2`, `state`, `city`, `postal_code`, `created_at`,
                       `updated_at`)
VALUES (24, '', NULL, 'RhodeIsland', 'East Jeanieburgh', 'pcfg', '1973-04-20 21:09:12', '2006-11-19 12:39:17');
INSERT INTO `address` (`id`, `address_line_1`, `address_line_2`, `state`, `city`, `postal_code`, `created_at`,
                       `updated_at`)
VALUES (25, '', NULL, 'NewJersey', 'East Eleanoratown', 'mxmb', '2010-04-20 20:20:32', '2018-11-04 08:38:28');
INSERT INTO `address` (`id`, `address_line_1`, `address_line_2`, `state`, `city`, `postal_code`, `created_at`,
                       `updated_at`)
VALUES (26, '', NULL, 'NorthDakota', 'Ullrichshire', 'lpej', '2005-07-22 05:58:10', '2008-06-05 21:16:34');
INSERT INTO `address` (`id`, `address_line_1`, `address_line_2`, `state`, `city`, `postal_code`, `created_at`,
                       `updated_at`)
VALUES (27, '', NULL, 'Wisconsin', 'West Opheliaside', 'cekw', '1971-07-19 01:34:35', '2011-05-03 08:07:52');
INSERT INTO `address` (`id`, `address_line_1`, `address_line_2`, `state`, `city`, `postal_code`, `created_at`,
                       `updated_at`)
VALUES (28, '', NULL, 'NorthCarolina', 'West Norbertburgh', 'rlqp', '1993-01-24 06:55:00', '2000-12-08 20:24:29');
INSERT INTO `address` (`id`, `address_line_1`, `address_line_2`, `state`, `city`, `postal_code`, `created_at`,
                       `updated_at`)
VALUES (29, '', NULL, 'Montana', 'South Perryfurt', 'wyjy', '1982-08-06 20:26:47', '1977-01-24 07:14:44');
INSERT INTO `address` (`id`, `address_line_1`, `address_line_2`, `state`, `city`, `postal_code`, `created_at`,
                       `updated_at`)
VALUES (30, '', NULL, 'Nevada', 'Mackenzieborough', 'aajm', '2015-07-05 03:13:33', '2021-01-07 13:38:31');
INSERT INTO `address` (`id`, `address_line_1`, `address_line_2`, `state`, `city`, `postal_code`, `created_at`,
                       `updated_at`)
VALUES (31, '', NULL, 'Pennsylvania', 'West Pearl', 'blgm', '1995-02-01 00:32:28', '2000-03-18 08:06:16');
INSERT INTO `address` (`id`, `address_line_1`, `address_line_2`, `state`, `city`, `postal_code`, `created_at`,
                       `updated_at`)
VALUES (32, '', NULL, 'SouthDakota', 'South Cody', 'kgxn', '2006-08-02 23:43:35', '1981-11-13 03:47:10');
INSERT INTO `address` (`id`, `address_line_1`, `address_line_2`, `state`, `city`, `postal_code`, `created_at`,
                       `updated_at`)
VALUES (33, '', NULL, 'Wisconsin', 'West Hillaryport', 'fogo', '1981-04-18 21:38:48', '1977-05-12 12:18:03');
INSERT INTO `address` (`id`, `address_line_1`, `address_line_2`, `state`, `city`, `postal_code`, `created_at`,
                       `updated_at`)
VALUES (34, '', NULL, 'WestVirginia', 'West Herminioton', 'xqrs', '1970-01-08 22:05:22', '1992-10-01 01:15:19');
INSERT INTO `address` (`id`, `address_line_1`, `address_line_2`, `state`, `city`, `postal_code`, `created_at`,
                       `updated_at`)
VALUES (35, '', NULL, 'Kentucky', 'Gislasonburgh', 'uvbj', '2010-01-19 01:13:11', '1998-06-30 08:19:51');
INSERT INTO `address` (`id`, `address_line_1`, `address_line_2`, `state`, `city`, `postal_code`, `created_at`,
                       `updated_at`)
VALUES (36, '', NULL, 'Oklahoma', 'Ratkeview', 'rshc', '1980-02-17 13:22:35', '1974-05-08 19:37:17');
INSERT INTO `address` (`id`, `address_line_1`, `address_line_2`, `state`, `city`, `postal_code`, `created_at`,
                       `updated_at`)
VALUES (37, '', NULL, 'Massachusetts', 'West Jacquelyn', 'gzwm', '2009-01-09 22:34:21', '2008-01-15 20:52:10');
INSERT INTO `address` (`id`, `address_line_1`, `address_line_2`, `state`, `city`, `postal_code`, `created_at`,
                       `updated_at`)
VALUES (38, '', NULL, 'Utah', 'South Felixview', 'wwfa', '2011-10-02 09:37:13', '2010-10-29 13:49:20');
INSERT INTO `address` (`id`, `address_line_1`, `address_line_2`, `state`, `city`, `postal_code`, `created_at`,
                       `updated_at`)
VALUES (39, '', NULL, 'NorthDakota', 'Alvahborough', 'mgwa', '2014-12-16 18:04:01', '2001-07-23 03:50:43');
INSERT INTO `address` (`id`, `address_line_1`, `address_line_2`, `state`, `city`, `postal_code`, `created_at`,
                       `updated_at`)
VALUES (40, '', NULL, 'Connecticut', 'Irvingville', 'ibhk', '1975-01-06 06:05:45', '1971-07-07 06:37:40');
INSERT INTO `address` (`id`, `address_line_1`, `address_line_2`, `state`, `city`, `postal_code`, `created_at`,
                       `updated_at`)
VALUES (41, '', NULL, 'Virginia', 'Millsmouth', 'okzw', '2018-12-14 14:09:02', '1998-07-24 12:18:46');
INSERT INTO `address` (`id`, `address_line_1`, `address_line_2`, `state`, `city`, `postal_code`, `created_at`,
                       `updated_at`)
VALUES (42, '', NULL, 'Montana', 'East Adelltown', 'jmiq', '1975-11-15 22:14:35', '1977-03-15 15:21:25');
INSERT INTO `address` (`id`, `address_line_1`, `address_line_2`, `state`, `city`, `postal_code`, `created_at`,
                       `updated_at`)
VALUES (43, '', NULL, 'Arizona', 'South Williamhaven', 'ocfo', '1993-04-09 07:46:40', '2007-03-19 06:52:11');
INSERT INTO `address` (`id`, `address_line_1`, `address_line_2`, `state`, `city`, `postal_code`, `created_at`,
                       `updated_at`)
VALUES (44, '', NULL, 'SouthCarolina', 'East Jenifertown', 'harw', '1973-09-27 09:20:07', '2014-10-03 12:35:58');
INSERT INTO `address` (`id`, `address_line_1`, `address_line_2`, `state`, `city`, `postal_code`, `created_at`,
                       `updated_at`)
VALUES (45, '', NULL, 'Idaho', 'Collierstad', 'dtzc', '1986-01-03 01:20:48', '2004-02-06 11:54:23');
INSERT INTO `address` (`id`, `address_line_1`, `address_line_2`, `state`, `city`, `postal_code`, `created_at`,
                       `updated_at`)
VALUES (46, '', NULL, 'Wyoming', 'North Verlaville', 'voli', '1988-01-02 23:40:26', '1989-10-05 17:36:45');
INSERT INTO `address` (`id`, `address_line_1`, `address_line_2`, `state`, `city`, `postal_code`, `created_at`,
                       `updated_at`)
VALUES (47, '', NULL, 'Tennessee', 'Lake Norval', 'ptdw', '1972-12-21 02:14:19', '2002-11-27 17:10:03');
INSERT INTO `address` (`id`, `address_line_1`, `address_line_2`, `state`, `city`, `postal_code`, `created_at`,
                       `updated_at`)
VALUES (48, '', NULL, 'Michigan', 'Mayermouth', 'gqap', '1980-04-12 20:46:29', '1997-12-14 18:13:43');
INSERT INTO `address` (`id`, `address_line_1`, `address_line_2`, `state`, `city`, `postal_code`, `created_at`,
                       `updated_at`)
VALUES (49, '', NULL, 'Massachusetts', 'North Andy', 'odth', '2019-02-22 11:22:09', '1999-08-27 19:32:34');
INSERT INTO `address` (`id`, `address_line_1`, `address_line_2`, `state`, `city`, `postal_code`, `created_at`,
                       `updated_at`)
VALUES (50, '', NULL, 'Tennessee', 'Raquelton', 'xckk', '2020-10-11 21:39:33', '2008-11-12 02:49:03');


-- -----------------------------------------------------
-- Table `event_manager`.`user`
-- -----------------------------------------------------
INSERT INTO `user` (`id`, `name`, `email`, `password`, `password_failed_attempts`, `account_locked_at`, `bio`,
                    `user_address_id`, `active`, `last_login`, `created_at`, `updated_at`)
VALUES (1, 'sapiente', 'roscoe36@example.com', '30db5eb63e6a60f9bed1', 0, '1974-02-23 06:09:42',
        'Doloremque quaerat et error animi ex dicta. Provident consequatur non rem aliquid qui blanditiis. Dolores illo provident non quasi.',
        39, 1, '2005-02-14 04:59:50', '2000-01-12 23:36:37', '1995-08-12 08:54:47');
INSERT INTO `user` (`id`, `name`, `email`, `password`, `password_failed_attempts`, `account_locked_at`, `bio`,
                    `user_address_id`, `active`, `last_login`, `created_at`, `updated_at`)
VALUES (2, 'sunt', 'humberto02@example.net', '2386d6477274290ef7be', 0, '1979-12-26 16:58:29',
        'A maxime occaecati voluptatibus quia quis et. Omnis et autem commodi eius id nulla. Autem enim alias culpa ipsum. Itaque in sunt blanditiis enim debitis.',
        50, 0, '1971-11-13 19:30:26', '1977-02-01 16:14:32', '1971-06-15 18:42:20');
INSERT INTO `user` (`id`, `name`, `email`, `password`, `password_failed_attempts`, `account_locked_at`, `bio`,
                    `user_address_id`, `active`, `last_login`, `created_at`, `updated_at`)
VALUES (3, 'sequi', 'barton.hazel@example.net', '02774b7915c842ecae49', 0, '1981-08-06 05:03:33',
        'Officia error vel voluptatem quis quas. Explicabo explicabo voluptatem voluptate vitae. Rerum aliquam mollitia officia consectetur laudantium hic ut.',
        22, 1, '1990-10-15 03:43:54', '1973-02-17 17:30:53', '1983-01-15 21:51:55');
INSERT INTO `user` (`id`, `name`, `email`, `password`, `password_failed_attempts`, `account_locked_at`, `bio`,
                    `user_address_id`, `active`, `last_login`, `created_at`, `updated_at`)
VALUES (4, 'sed', 'grayce.schuster@example.org', 'b3bf551a4eefbe13006c', 1, '1992-03-24 08:01:14',
        'Quibusdam ut occaecati iure voluptas aut officia. Harum veniam ea repudiandae nemo quod non quo. Iusto eum accusantium placeat quidem ut sint. Rerum praesentium cupiditate quia deleniti vel eaque.',
        5, 1, '1997-04-27 13:48:30', '1991-12-03 22:45:27', '1982-01-07 03:42:00');
INSERT INTO `user` (`id`, `name`, `email`, `password`, `password_failed_attempts`, `account_locked_at`, `bio`,
                    `user_address_id`, `active`, `last_login`, `created_at`, `updated_at`)
VALUES (5, 'facilis', 'euna.bosco@example.net', '2af4f3dc92ea50d82559', 688, '1972-02-21 03:27:55',
        'Aperiam amet repellat sed distinctio autem. Molestiae velit et molestias unde. Quo fuga dolorum atque nihil natus in.',
        8, 0, '1996-12-31 16:50:27', '2016-10-27 11:27:21', '2003-10-07 14:44:37');
INSERT INTO `user` (`id`, `name`, `email`, `password`, `password_failed_attempts`, `account_locked_at`, `bio`,
                    `user_address_id`, `active`, `last_login`, `created_at`, `updated_at`)
VALUES (6, 'labore', 'champlin.clara@example.com', 'bb4cf6a104aef20f53a4', 359702, '2011-01-29 07:17:04',
        'Et natus temporibus nam ut. Non aliquam hic animi eveniet. Et hic consequatur repellendus sit atque voluptates.',
        29, 0, '1978-05-11 13:18:20', '2005-12-31 07:26:34', '1976-03-02 06:02:14');
INSERT INTO `user` (`id`, `name`, `email`, `password`, `password_failed_attempts`, `account_locked_at`, `bio`,
                    `user_address_id`, `active`, `last_login`, `created_at`, `updated_at`)
VALUES (7, 'dolorem', 'abby.funk@example.com', '0b2cd39ad066ec12ab03', 70, '1992-12-07 21:03:42',
        'Soluta odit ut architecto quo eius nostrum dicta. Porro sequi necessitatibus repellat illo et explicabo iure. Sit est voluptatibus sint numquam soluta recusandae aut consectetur.',
        23, 1, '1987-12-22 18:31:13', '2014-10-16 14:44:50', '2017-11-09 00:01:34');
INSERT INTO `user` (`id`, `name`, `email`, `password`, `password_failed_attempts`, `account_locked_at`, `bio`,
                    `user_address_id`, `active`, `last_login`, `created_at`, `updated_at`)
VALUES (8, 'consequuntur', 'kennith18@example.org', '460cd1aec3ecdd27c941', 0, '1981-11-23 16:19:15',
        'Sapiente dolor sed iste enim porro. Unde eveniet est modi et est ab quia. Error vitae odit earum odit aperiam hic.',
        40, 0, '1975-09-30 06:12:49', '1986-01-05 06:38:12', '1994-07-15 00:34:08');
INSERT INTO `user` (`id`, `name`, `email`, `password`, `password_failed_attempts`, `account_locked_at`, `bio`,
                    `user_address_id`, `active`, `last_login`, `created_at`, `updated_at`)
VALUES (9, 'libero', 'uparker@example.org', '3cbb3ee63211b7cb52de', 410, '1981-04-30 18:14:38',
        'Laudantium est delectus dolor sint ipsum est. Ut earum laboriosam voluptas provident. Voluptate delectus soluta veniam quo magni. Sapiente quae in ex voluptatem.',
        19, 0, '2011-10-26 11:44:39', '1987-02-09 23:56:18', '1992-02-10 03:59:32');
INSERT INTO `user` (`id`, `name`, `email`, `password`, `password_failed_attempts`, `account_locked_at`, `bio`,
                    `user_address_id`, `active`, `last_login`, `created_at`, `updated_at`)
VALUES (10, 'ea', 'tianna48@example.net', '4cad832350ec642af0cf', 948, '1970-03-23 14:17:43',
        'Exercitationem illum ullam nihil. Porro sint omnis aut sapiente earum voluptas illum ex. Consequatur vel non necessitatibus officiis ut.',
        47, 1, '2013-04-08 22:39:12', '1984-05-29 02:37:00', '2016-02-15 01:12:44');
INSERT INTO `user` (`id`, `name`, `email`, `password`, `password_failed_attempts`, `account_locked_at`, `bio`,
                    `user_address_id`, `active`, `last_login`, `created_at`, `updated_at`)
VALUES (11, 'fugit', 'macejkovic.haylee@example.com', '95894e4cebb82f313e84', 217, '1974-05-10 12:25:53',
        'Quis enim tempora at fugiat. Quia nostrum qui ad est et aut. Iste dolore velit quia aspernatur nulla et. Esse blanditiis nostrum amet nam deserunt rem sed.',
        17, 0, '1977-08-21 14:07:25', '1975-05-13 12:05:32', '1992-07-31 05:43:12');
INSERT INTO `user` (`id`, `name`, `email`, `password`, `password_failed_attempts`, `account_locked_at`, `bio`,
                    `user_address_id`, `active`, `last_login`, `created_at`, `updated_at`)
VALUES (12, 'modi', 'hermann.pollich@example.net', 'f095402a001a55984a38', 0, '2005-01-13 19:54:10',
        'Illum aut est et ipsum ad. Dolor quam rem qui itaque explicabo ut aliquid. Iste alias ratione sit et incidunt odio.',
        28, 0, '1994-03-25 23:41:52', '2019-02-22 05:26:07', '2017-03-19 00:31:59');
INSERT INTO `user` (`id`, `name`, `email`, `password`, `password_failed_attempts`, `account_locked_at`, `bio`,
                    `user_address_id`, `active`, `last_login`, `created_at`, `updated_at`)
VALUES (13, 'natus', 'zieme.jaylen@example.org', '08560511316522a76966', 589, '2005-11-10 02:41:53',
        'Laborum consequatur et quo est optio. Est deserunt adipisci ut maiores dignissimos rerum. Nisi dolorem officiis voluptate dolorem explicabo sed.',
        3, 0, '1977-10-01 02:15:20', '2011-06-20 07:53:49', '2007-05-18 14:56:05');
INSERT INTO `user` (`id`, `name`, `email`, `password`, `password_failed_attempts`, `account_locked_at`, `bio`,
                    `user_address_id`, `active`, `last_login`, `created_at`, `updated_at`)
VALUES (14, 'quo', 'zziemann@example.net', '6070803108971cf66186', 0, '1975-12-25 18:27:31',
        'Eos facere at cupiditate quidem. Velit dignissimos molestiae corrupti accusantium adipisci quas sit. Vel dolores iure voluptas eaque laborum.',
        12, 1, '2021-01-06 18:51:14', '1972-01-01 08:24:07', '1994-03-29 14:37:48');
INSERT INTO `user` (`id`, `name`, `email`, `password`, `password_failed_attempts`, `account_locked_at`, `bio`,
                    `user_address_id`, `active`, `last_login`, `created_at`, `updated_at`)
VALUES (15, 'animi', 'nkihn@example.org', '07f39f16054b87b0516a', 0, '1991-04-08 18:55:56',
        'Officiis corporis molestiae sit consequatur vitae veritatis maxime. Ut et ullam ipsum inventore error. Magnam distinctio saepe qui quas. Tempore et omnis sequi.',
        29, 1, '2009-11-22 17:50:24', '1980-01-20 16:28:09', '2000-02-28 01:24:25');
INSERT INTO `user` (`id`, `name`, `email`, `password`, `password_failed_attempts`, `account_locked_at`, `bio`,
                    `user_address_id`, `active`, `last_login`, `created_at`, `updated_at`)
VALUES (16, 'necessitatibus', 'brekke.heloise@example.org', '8453d07a6fbd92262aab', 0, '1971-06-27 22:00:06',
        'Non nesciunt molestiae architecto voluptate quas ipsum. Excepturi adipisci ut sint a est et accusantium. Placeat sed quasi similique est reiciendis quo.',
        2, 0, '1977-11-14 15:36:52', '1986-10-11 23:24:58', '2003-10-04 14:56:55');
INSERT INTO `user` (`id`, `name`, `email`, `password`, `password_failed_attempts`, `account_locked_at`, `bio`,
                    `user_address_id`, `active`, `last_login`, `created_at`, `updated_at`)
VALUES (17, 'eaque', 'langosh.alexander@example.net', '08b309be8d762759245d', 244, '2018-04-13 06:27:28',
        'Dicta eaque atque optio quasi ut suscipit perferendis. Dolore culpa eius magnam quibusdam et qui rem. Iusto est recusandae eaque. Et dignissimos dolores harum sit ipsa.',
        39, 0, '1999-01-14 02:20:12', '1971-12-15 18:22:14', '2012-12-30 11:34:22');
INSERT INTO `user` (`id`, `name`, `email`, `password`, `password_failed_attempts`, `account_locked_at`, `bio`,
                    `user_address_id`, `active`, `last_login`, `created_at`, `updated_at`)
VALUES (18, 'sunt', 'fconn@example.net', 'd690eaf7a20bd1faafd8', 0, '2010-07-27 04:54:11',
        'Iusto quae totam cumque molestias minus labore. Rem eius unde consequatur. Et et in vel omnis quaerat dolore.',
        21, 0, '2002-08-09 03:06:36', '1977-04-20 11:31:03', '1988-07-25 23:23:21');
INSERT INTO `user` (`id`, `name`, `email`, `password`, `password_failed_attempts`, `account_locked_at`, `bio`,
                    `user_address_id`, `active`, `last_login`, `created_at`, `updated_at`)
VALUES (19, 'libero', 'bahringer.charlene@example.com', 'a4768ddd884727c4f94c', 2147483647, '1982-11-23 01:23:47',
        'Iure vero error et. Voluptas recusandae omnis neque sint ipsum eligendi et. Sed nihil esse rerum harum ratione.',
        47, 0, '2010-08-07 09:08:43', '2011-06-30 07:31:17', '1999-08-26 17:02:17');
INSERT INTO `user` (`id`, `name`, `email`, `password`, `password_failed_attempts`, `account_locked_at`, `bio`,
                    `user_address_id`, `active`, `last_login`, `created_at`, `updated_at`)
VALUES (20, 'aperiam', 'hettinger.wilma@example.net', '4e7ffa737c4174db1a45', 5, '1995-03-06 16:29:56',
        'Fuga itaque ut numquam nihil. Veritatis enim beatae omnis doloribus molestiae. Eum corrupti provident similique hic incidunt magnam. Aperiam ut nihil sint delectus at.',
        13, 0, '1986-01-29 06:24:01', '2003-04-05 12:39:45', '2007-08-05 10:22:40');
INSERT INTO `user` (`id`, `name`, `email`, `password`, `password_failed_attempts`, `account_locked_at`, `bio`,
                    `user_address_id`, `active`, `last_login`, `created_at`, `updated_at`)
VALUES (21, 'incidunt', 'vmuller@example.org', 'e16cc3258a869e9b2fff', 0, '1978-06-12 14:33:27',
        'Vero est eum deserunt enim ut quia. Minima qui beatae temporibus eum. Quisquam quibusdam iste quis qui nihil omnis ullam. Fugit vel quam est aut eos.',
        17, 1, '1990-02-13 18:39:25', '1982-06-10 04:58:10', '2004-02-06 15:40:58');
INSERT INTO `user` (`id`, `name`, `email`, `password`, `password_failed_attempts`, `account_locked_at`, `bio`,
                    `user_address_id`, `active`, `last_login`, `created_at`, `updated_at`)
VALUES (22, 'cupiditate', 'schneider.nina@example.net', '7e079ac3fa1356e9beb7', 2, '1983-09-04 18:09:47',
        'Architecto cumque a voluptate. Nemo cupiditate ea consequatur. Voluptatem cupiditate vel est commodi earum qui modi.',
        23, 0, '2003-01-30 04:42:15', '2004-04-16 03:41:44', '1973-09-28 07:43:18');
INSERT INTO `user` (`id`, `name`, `email`, `password`, `password_failed_attempts`, `account_locked_at`, `bio`,
                    `user_address_id`, `active`, `last_login`, `created_at`, `updated_at`)
VALUES (23, 'ratione', 'bettye22@example.com', 'd9000e199dcc31dfe47f', 4, '1996-10-15 16:14:48',
        'Illum esse quia repudiandae aut doloremque maiores nemo. Sapiente dolorum ex voluptates ut ut aliquid. Consequatur incidunt ratione repellendus amet ullam. Deserunt non quisquam sunt dolorum cum.',
        45, 0, '1978-08-10 00:23:34', '1991-05-03 20:50:46', '2004-01-26 02:18:21');
INSERT INTO `user` (`id`, `name`, `email`, `password`, `password_failed_attempts`, `account_locked_at`, `bio`,
                    `user_address_id`, `active`, `last_login`, `created_at`, `updated_at`)
VALUES (24, 'vero', 'candace.torp@example.com', '7cb5f26255ffe10dc49e', 8, '1982-06-08 14:54:34',
        'Quisquam amet pariatur non illo qui non repudiandae. Adipisci deserunt quod nisi excepturi sit. Eum eum et qui repellendus autem nesciunt nemo.',
        43, 0, '2013-12-01 02:28:36', '1995-09-19 02:11:48', '2001-12-05 12:12:07');
INSERT INTO `user` (`id`, `name`, `email`, `password`, `password_failed_attempts`, `account_locked_at`, `bio`,
                    `user_address_id`, `active`, `last_login`, `created_at`, `updated_at`)
VALUES (25, 'eos', 'ryan.marian@example.com', '570a0dd5a5cee42f911e', 2, '1983-04-08 06:45:50',
        'Aliquid ex voluptatibus officia. Quis dolores molestias et ea beatae. Molestias enim ducimus animi non a tenetur aliquid. Eos quae voluptatem atque sequi dolores laudantium.',
        12, 1, '2018-11-19 16:26:36', '1972-06-18 05:57:24', '1989-01-16 13:08:18');
INSERT INTO `user` (`id`, `name`, `email`, `password`, `password_failed_attempts`, `account_locked_at`, `bio`,
                    `user_address_id`, `active`, `last_login`, `created_at`, `updated_at`)
VALUES (26, 'aut', 'harvey.tracey@example.com', 'f97fd867e745790256a9', 0, '1971-05-07 21:50:46',
        'Eum totam aut voluptatem ea eum nisi. Quia velit molestiae amet aliquam eos. Et qui qui ad molestias voluptatem est aut id. Voluptas repudiandae quibusdam nihil ut.',
        29, 0, '1980-03-26 13:08:14', '1999-01-03 00:08:29', '2008-06-18 23:55:25');
INSERT INTO `user` (`id`, `name`, `email`, `password`, `password_failed_attempts`, `account_locked_at`, `bio`,
                    `user_address_id`, `active`, `last_login`, `created_at`, `updated_at`)
VALUES (27, 'mollitia', 'bprice@example.org', '0f367210b606c34090a6', 0, '1992-06-13 18:11:20',
        'Quia quo officia ex est similique officiis. Tempora in ut ex debitis cumque voluptas saepe.', 43, 0,
        '1990-08-09 02:36:22', '2017-01-02 16:54:38', '1982-09-09 07:42:18');
INSERT INTO `user` (`id`, `name`, `email`, `password`, `password_failed_attempts`, `account_locked_at`, `bio`,
                    `user_address_id`, `active`, `last_login`, `created_at`, `updated_at`)
VALUES (28, 'aperiam', 'zboncak.heidi@example.org', 'f4afd4875391c426729e', 0, '1976-01-28 17:12:48',
        'Id veritatis officiis totam. Aut laboriosam porro dolor et voluptates odit. Est blanditiis fuga dolores. Animi doloremque soluta et qui quia tenetur reiciendis quia.',
        25, 0, '1984-06-08 08:10:00', '2007-09-30 22:44:24', '2010-10-15 15:38:42');
INSERT INTO `user` (`id`, `name`, `email`, `password`, `password_failed_attempts`, `account_locked_at`, `bio`,
                    `user_address_id`, `active`, `last_login`, `created_at`, `updated_at`)
VALUES (29, 'in', 'eulalia36@example.org', '862db967253d28fb5220', 27047642, '1987-06-14 05:22:19',
        'Voluptates totam est omnis debitis est at est. Quia cumque praesentium omnis nisi illo hic. Nihil doloribus magni ut impedit.',
        21, 0, '1996-05-26 02:37:30', '2020-05-24 19:23:39', '1997-04-28 16:43:20');
INSERT INTO `user` (`id`, `name`, `email`, `password`, `password_failed_attempts`, `account_locked_at`, `bio`,
                    `user_address_id`, `active`, `last_login`, `created_at`, `updated_at`)
VALUES (30, 'officia', 'casimer01@example.org', '86667e4c30509ede89e1', 86, '2003-10-08 23:41:53',
        'Quia sed quae possimus qui veritatis. Doloremque quis consequatur in minima eaque quia facere. Placeat qui voluptatibus reprehenderit cupiditate dolor consequatur voluptatem.',
        38, 0, '1993-06-09 00:14:24', '1982-01-11 04:06:55', '1984-04-26 17:00:30');
INSERT INTO `user` (`id`, `name`, `email`, `password`, `password_failed_attempts`, `account_locked_at`, `bio`,
                    `user_address_id`, `active`, `last_login`, `created_at`, `updated_at`)
VALUES (31, 'totam', 'qrohan@example.net', '8961b89cbc9b113233aa', 52, '1985-01-19 20:50:31',
        'Vel recusandae et omnis est atque. Enim nesciunt dolorem illo quidem nulla dolorum. Non quis ipsa inventore voluptatem consequuntur et. Nisi aut nam tenetur labore. Ratione ut alias excepturi totam.',
        44, 1, '2003-04-01 02:02:57', '2001-05-31 15:40:28', '1986-05-19 07:51:04');
INSERT INTO `user` (`id`, `name`, `email`, `password`, `password_failed_attempts`, `account_locked_at`, `bio`,
                    `user_address_id`, `active`, `last_login`, `created_at`, `updated_at`)
VALUES (32, 'necessitatibus', 'qdach@example.com', '18704efe6420cab328be', 0, '1976-05-20 04:59:56',
        'Voluptatibus consequatur id et temporibus neque neque. Nam fuga et totam dolor ea sunt quod voluptatem. Ea quos ad recusandae voluptatem rerum.',
        7, 0, '1983-05-19 04:06:08', '1973-09-06 04:54:20', '1976-03-04 03:26:55');
INSERT INTO `user` (`id`, `name`, `email`, `password`, `password_failed_attempts`, `account_locked_at`, `bio`,
                    `user_address_id`, `active`, `last_login`, `created_at`, `updated_at`)
VALUES (33, 'eius', 'letitia.rippin@example.org', '1db7973e0f0ab6841108', 85468, '2003-11-04 12:40:39',
        'Pariatur ut et nostrum et. Eum illum et officiis dolores.', 30, 0, '1973-06-04 14:24:46',
        '1972-05-16 07:05:30', '2002-11-04 02:12:41');
INSERT INTO `user` (`id`, `name`, `email`, `password`, `password_failed_attempts`, `account_locked_at`, `bio`,
                    `user_address_id`, `active`, `last_login`, `created_at`, `updated_at`)
VALUES (34, 'repellendus', 'cronin.laisha@example.org', '9fa77347037121c35fcd', 93, '1972-07-11 19:16:23',
        'Natus natus sapiente quia earum rerum ut nisi. Quia earum rerum nihil eius accusamus accusantium ad aut. Et quo quis repudiandae voluptatem. Occaecati qui nesciunt omnis ad perspiciatis.',
        22, 1, '1983-12-23 09:46:19', '1974-02-08 03:15:22', '1997-01-01 23:01:41');
INSERT INTO `user` (`id`, `name`, `email`, `password`, `password_failed_attempts`, `account_locked_at`, `bio`,
                    `user_address_id`, `active`, `last_login`, `created_at`, `updated_at`)
VALUES (35, 'magnam', 'corkery.mae@example.net', 'f479ea5124c8db4de8af', 0, '1971-06-03 21:43:07',
        'Repellendus natus et quisquam dicta ea. Aut tempora ea laborum dolorum odio beatae. Id ea ducimus ipsum quam officia quos. Fugit nemo est deleniti. Facilis facere itaque vel quo eveniet.',
        31, 1, '1998-12-14 18:38:09', '1996-09-09 02:31:53', '2016-12-01 02:15:23');
INSERT INTO `user` (`id`, `name`, `email`, `password`, `password_failed_attempts`, `account_locked_at`, `bio`,
                    `user_address_id`, `active`, `last_login`, `created_at`, `updated_at`)
VALUES (36, 'eligendi', 'arno95@example.net', '30cb1cf66864b5867cfe', 6, '2008-11-27 20:08:42',
        'Laudantium iure aut deserunt sed ducimus. Nostrum sequi a et. Consequatur mollitia inventore explicabo officiis illum animi.',
        2, 0, '2002-04-03 10:50:57', '2019-01-20 23:57:54', '1984-08-11 09:06:01');
INSERT INTO `user` (`id`, `name`, `email`, `password`, `password_failed_attempts`, `account_locked_at`, `bio`,
                    `user_address_id`, `active`, `last_login`, `created_at`, `updated_at`)
VALUES (37, 'dolores', 'sonny.cremin@example.org', '79bc3c1128d3d5d8b14a', 0, '2017-04-08 02:54:12',
        'Dolorum sunt laudantium dolorem voluptas beatae. Ut illum adipisci est consequuntur. Nemo perspiciatis repudiandae reprehenderit perferendis. Provident dolorum harum et eum dolores.',
        36, 1, '1983-10-10 04:51:32', '1981-02-28 01:12:13', '2020-06-16 12:55:25');
INSERT INTO `user` (`id`, `name`, `email`, `password`, `password_failed_attempts`, `account_locked_at`, `bio`,
                    `user_address_id`, `active`, `last_login`, `created_at`, `updated_at`)
VALUES (38, 'et', 'jones.bruce@example.com', 'cb428801748803a44189', 0, '1978-01-18 18:48:46',
        'Vel aliquam soluta facilis consequatur ipsum est sapiente. Velit explicabo magnam atque accusantium totam veniam. Ratione ducimus fugit dignissimos excepturi nemo quam.',
        8, 0, '1983-05-29 14:13:20', '1981-12-23 05:51:23', '1983-04-14 10:46:29');
INSERT INTO `user` (`id`, `name`, `email`, `password`, `password_failed_attempts`, `account_locked_at`, `bio`,
                    `user_address_id`, `active`, `last_login`, `created_at`, `updated_at`)
VALUES (39, 'nisi', 'wisoky.kirk@example.com', '011d9366563cf22db7bf', 4, '1984-06-24 23:19:35',
        'Qui laboriosam eos aliquam asperiores dolores nemo et. Aut dicta sint aut aut.', 20, 0, '1988-11-24 09:24:59',
        '1985-04-20 22:50:11', '1991-05-15 11:00:26');
INSERT INTO `user` (`id`, `name`, `email`, `password`, `password_failed_attempts`, `account_locked_at`, `bio`,
                    `user_address_id`, `active`, `last_login`, `created_at`, `updated_at`)
VALUES (40, 'debitis', 'gino24@example.com', '2c2ba9c56adbe15e5595', 3, '1978-04-19 10:19:19',
        'Aut aspernatur ducimus velit ducimus libero. Ut nisi aliquid qui omnis. Non inventore blanditiis expedita qui numquam et velit magnam.',
        21, 1, '1995-04-09 00:29:47', '1989-09-20 23:02:53', '1976-01-31 21:16:53');
INSERT INTO `user` (`id`, `name`, `email`, `password`, `password_failed_attempts`, `account_locked_at`, `bio`,
                    `user_address_id`, `active`, `last_login`, `created_at`, `updated_at`)
VALUES (41, 'non', 'thea21@example.org', '35d51e7a69cffa8d1774', 0, '2017-07-27 21:31:52',
        'Provident aut aut quo officia non atque commodi voluptate. Magnam ducimus vel veniam dolores. Ut eum debitis illum quae maxime nihil. Sunt sit reprehenderit quod inventore qui sunt.',
        48, 0, '1986-10-07 15:06:31', '1993-12-29 15:48:52', '2004-01-27 10:50:46');
INSERT INTO `user` (`id`, `name`, `email`, `password`, `password_failed_attempts`, `account_locked_at`, `bio`,
                    `user_address_id`, `active`, `last_login`, `created_at`, `updated_at`)
VALUES (42, 'et', 'vbuckridge@example.net', '6632edc096ecf6d36c5c', 55, '1999-08-31 02:09:28',
        'Sapiente doloremque ducimus doloremque dicta minus quos aut. Esse quisquam ducimus omnis sunt aut. Saepe illum nostrum id laborum sed consequatur quasi.',
        15, 0, '1997-07-05 19:57:21', '2001-12-11 09:58:37', '1977-06-20 13:22:28');
INSERT INTO `user` (`id`, `name`, `email`, `password`, `password_failed_attempts`, `account_locked_at`, `bio`,
                    `user_address_id`, `active`, `last_login`, `created_at`, `updated_at`)
VALUES (43, 'nobis', 'bertram43@example.com', 'ad5136e703837c2fbfdc', 0, '1980-10-09 07:47:08',
        'Est debitis tempora quaerat corporis et. Nihil qui tenetur quisquam aspernatur consequatur. Nobis velit non culpa et non possimus minima.',
        26, 0, '1993-04-16 18:54:03', '2003-04-18 13:09:48', '2010-12-25 22:34:01');
INSERT INTO `user` (`id`, `name`, `email`, `password`, `password_failed_attempts`, `account_locked_at`, `bio`,
                    `user_address_id`, `active`, `last_login`, `created_at`, `updated_at`)
VALUES (44, 'vero', 'alden.conroy@example.com', 'dd7316ed7495b086a181', 0, '2020-03-17 16:29:19',
        'Est ut necessitatibus blanditiis qui ut. Aut et omnis veniam quidem molestiae voluptas. Voluptatem ut in tempore repellat optio. Numquam esse vel rerum at sed.',
        14, 1, '1977-05-19 02:08:04', '2017-12-10 02:49:58', '1971-11-06 02:07:22');
INSERT INTO `user` (`id`, `name`, `email`, `password`, `password_failed_attempts`, `account_locked_at`, `bio`,
                    `user_address_id`, `active`, `last_login`, `created_at`, `updated_at`)
VALUES (45, 'et', 'uklein@example.org', '12d6bba49492f86718c6', 2, '2004-11-27 17:54:47',
        'Similique sit vel culpa voluptatibus earum. Vel et et maiores est. Culpa esse et fugit aut excepturi earum. Perferendis et ut consequatur voluptas ex rerum voluptate.',
        31, 1, '1993-08-15 18:39:03', '1978-04-30 05:00:31', '1999-01-07 21:29:23');
INSERT INTO `user` (`id`, `name`, `email`, `password`, `password_failed_attempts`, `account_locked_at`, `bio`,
                    `user_address_id`, `active`, `last_login`, `created_at`, `updated_at`)
VALUES (46, 'debitis', 'vhoppe@example.net', '498830e4beb61e5e149d', 0, '2013-02-26 19:01:47',
        'Aliquid sed aut earum. Expedita et quia occaecati aut amet animi. Eaque dolores quia dolor nesciunt. Et voluptatem ut quas eos id dolorem nostrum.',
        5, 1, '1988-05-28 15:07:00', '1996-08-31 17:48:48', '2016-11-22 17:48:07');
INSERT INTO `user` (`id`, `name`, `email`, `password`, `password_failed_attempts`, `account_locked_at`, `bio`,
                    `user_address_id`, `active`, `last_login`, `created_at`, `updated_at`)
VALUES (47, 'sint', 'roman10@example.org', '20ff40e8ab84a60a33c6', 0, '1983-10-25 02:51:00',
        'Impedit incidunt sit sed sunt cum distinctio debitis. Ipsam dolore libero nulla esse dolorum. Repellendus minima velit ut et sunt fuga et provident.',
        35, 0, '2007-03-23 06:45:38', '1993-10-27 21:35:17', '1970-01-30 03:24:08');
INSERT INTO `user` (`id`, `name`, `email`, `password`, `password_failed_attempts`, `account_locked_at`, `bio`,
                    `user_address_id`, `active`, `last_login`, `created_at`, `updated_at`)
VALUES (48, 'in', 'strosin.america@example.net', '2563ab475b8e4c9fc48f', 0, '2003-10-04 05:54:14',
        'Quaerat perferendis iusto qui est dolorem voluptatibus sunt. Adipisci eum nesciunt inventore sunt corporis facilis. Unde quis sint blanditiis modi blanditiis veniam.',
        21, 0, '1988-01-22 11:01:49', '2001-03-30 22:03:47', '1981-11-28 21:04:21');
INSERT INTO `user` (`id`, `name`, `email`, `password`, `password_failed_attempts`, `account_locked_at`, `bio`,
                    `user_address_id`, `active`, `last_login`, `created_at`, `updated_at`)
VALUES (49, 'nulla', 'moore.garrett@example.net', '740b3e7baf663bd2cfcf', 2147483647, '2005-10-18 07:57:16',
        'Facilis ab voluptatem odit. Porro nihil quidem excepturi impedit. Eligendi incidunt neque quia optio distinctio asperiores. Eos rem officia et fugit vitae ut ducimus.',
        32, 0, '1971-04-22 15:59:42', '2014-05-19 14:34:34', '1999-09-30 11:47:34');
INSERT INTO `user` (`id`, `name`, `email`, `password`, `password_failed_attempts`, `account_locked_at`, `bio`,
                    `user_address_id`, `active`, `last_login`, `created_at`, `updated_at`)
VALUES (50, 'excepturi', 'friesen.breana@example.com', '9e4d866f5b6f33dcc22d', 0, '1975-09-21 16:58:34',
        'Et molestiae enim sed sed occaecati deserunt corrupti laborum. Fuga aut minus rerum quasi aut. Exercitationem esse et nulla esse amet quia.',
        41, 0, '2016-03-12 04:05:43', '2005-10-20 09:07:33', '1988-04-30 19:50:37');



-- -----------------------------------------------------
-- Table `event_manager`.`friendship`
-- -----------------------------------------------------
INSERT INTO `friendship` (`id`, `friendship_inviter_id`, `friendship_invitee_id`, `requested_at`, `accepted_at`,
                          `rejected_at`)
VALUES (1, 26, 14, '1986-01-18 21:23:04', '1975-10-21 08:27:54', '2017-03-06 14:07:01');
INSERT INTO `friendship` (`id`, `friendship_inviter_id`, `friendship_invitee_id`, `requested_at`, `accepted_at`,
                          `rejected_at`)
VALUES (2, 30, 11, '2006-06-21 06:24:28', '2014-09-04 17:49:33', '2008-05-11 17:48:19');
INSERT INTO `friendship` (`id`, `friendship_inviter_id`, `friendship_invitee_id`, `requested_at`, `accepted_at`,
                          `rejected_at`)
VALUES (3, 3, 43, '1992-06-14 03:16:55', '1987-01-19 15:00:00', '1978-09-14 14:56:51');
INSERT INTO `friendship` (`id`, `friendship_inviter_id`, `friendship_invitee_id`, `requested_at`, `accepted_at`,
                          `rejected_at`)
VALUES (4, 4, 33, '2000-03-01 21:39:40', '1989-06-12 12:26:14', '1984-05-29 01:58:34');
INSERT INTO `friendship` (`id`, `friendship_inviter_id`, `friendship_invitee_id`, `requested_at`, `accepted_at`,
                          `rejected_at`)
VALUES (5, 42, 21, '1971-12-10 20:24:00', '2000-10-28 23:39:36', '1997-01-11 15:11:14');
INSERT INTO `friendship` (`id`, `friendship_inviter_id`, `friendship_invitee_id`, `requested_at`, `accepted_at`,
                          `rejected_at`)
VALUES (6, 8, 4, '1987-07-21 23:34:48', '1984-05-13 20:14:01', '2020-08-02 08:11:56');
INSERT INTO `friendship` (`id`, `friendship_inviter_id`, `friendship_invitee_id`, `requested_at`, `accepted_at`,
                          `rejected_at`)
VALUES (7, 41, 38, '2018-01-16 08:50:52', '2013-03-03 21:41:09', '1988-08-08 17:53:59');
INSERT INTO `friendship` (`id`, `friendship_inviter_id`, `friendship_invitee_id`, `requested_at`, `accepted_at`,
                          `rejected_at`)
VALUES (8, 49, 21, '1981-03-05 23:11:50', '1981-10-30 23:10:42', '2001-04-30 20:51:22');
INSERT INTO `friendship` (`id`, `friendship_inviter_id`, `friendship_invitee_id`, `requested_at`, `accepted_at`,
                          `rejected_at`)
VALUES (9, 17, 47, '2013-06-18 04:53:45', '2012-07-30 02:03:39', '2017-07-26 19:23:08');
INSERT INTO `friendship` (`id`, `friendship_inviter_id`, `friendship_invitee_id`, `requested_at`, `accepted_at`,
                          `rejected_at`)
VALUES (10, 32, 10, '2003-01-09 07:48:03', '1986-06-10 04:54:32', '1995-08-14 07:56:16');
INSERT INTO `friendship` (`id`, `friendship_inviter_id`, `friendship_invitee_id`, `requested_at`, `accepted_at`,
                          `rejected_at`)
VALUES (11, 29, 30, '1997-07-15 13:02:53', '2013-02-28 18:36:52', '1999-09-02 17:58:13');
INSERT INTO `friendship` (`id`, `friendship_inviter_id`, `friendship_invitee_id`, `requested_at`, `accepted_at`,
                          `rejected_at`)
VALUES (12, 2, 37, '1998-02-11 18:29:04', '1991-10-08 00:23:28', '1979-05-03 04:21:19');
INSERT INTO `friendship` (`id`, `friendship_inviter_id`, `friendship_invitee_id`, `requested_at`, `accepted_at`,
                          `rejected_at`)
VALUES (13, 13, 32, '1988-11-11 23:46:20', '1992-11-05 16:11:54', '2003-03-26 17:37:21');
INSERT INTO `friendship` (`id`, `friendship_inviter_id`, `friendship_invitee_id`, `requested_at`, `accepted_at`,
                          `rejected_at`)
VALUES (14, 35, 3, '1974-07-28 05:50:00', '2016-03-15 05:46:38', '1996-02-22 18:24:24');
INSERT INTO `friendship` (`id`, `friendship_inviter_id`, `friendship_invitee_id`, `requested_at`, `accepted_at`,
                          `rejected_at`)
VALUES (15, 21, 37, '1999-10-06 02:18:12', '1992-09-14 14:36:12', '1982-10-03 01:44:49');
INSERT INTO `friendship` (`id`, `friendship_inviter_id`, `friendship_invitee_id`, `requested_at`, `accepted_at`,
                          `rejected_at`)
VALUES (16, 35, 42, '1979-08-05 07:54:10', '2001-03-20 13:19:11', '2020-01-16 05:17:01');
INSERT INTO `friendship` (`id`, `friendship_inviter_id`, `friendship_invitee_id`, `requested_at`, `accepted_at`,
                          `rejected_at`)
VALUES (17, 27, 10, '1998-10-13 03:59:34', '1990-12-01 12:21:07', '1979-12-18 03:08:57');
INSERT INTO `friendship` (`id`, `friendship_inviter_id`, `friendship_invitee_id`, `requested_at`, `accepted_at`,
                          `rejected_at`)
VALUES (18, 20, 8, '1998-10-23 02:49:43', '1990-01-31 22:38:15', '2000-01-14 09:25:44');
INSERT INTO `friendship` (`id`, `friendship_inviter_id`, `friendship_invitee_id`, `requested_at`, `accepted_at`,
                          `rejected_at`)
VALUES (19, 40, 33, '2015-11-02 18:32:27', '2008-09-07 10:50:07', '1988-12-03 16:47:56');
INSERT INTO `friendship` (`id`, `friendship_inviter_id`, `friendship_invitee_id`, `requested_at`, `accepted_at`,
                          `rejected_at`)
VALUES (20, 23, 34, '2018-08-09 17:43:57', '1974-11-24 19:41:16', '1970-06-10 01:57:10');
INSERT INTO `friendship` (`id`, `friendship_inviter_id`, `friendship_invitee_id`, `requested_at`, `accepted_at`,
                          `rejected_at`)
VALUES (21, 26, 50, '1977-07-05 06:45:57', '2019-01-08 22:35:44', '1984-04-27 00:00:17');
INSERT INTO `friendship` (`id`, `friendship_inviter_id`, `friendship_invitee_id`, `requested_at`, `accepted_at`,
                          `rejected_at`)
VALUES (22, 40, 4, '1984-11-29 13:04:35', '1985-08-14 15:58:09', '2018-04-05 02:29:07');
INSERT INTO `friendship` (`id`, `friendship_inviter_id`, `friendship_invitee_id`, `requested_at`, `accepted_at`,
                          `rejected_at`)
VALUES (23, 24, 31, '1992-12-15 01:28:33', '2001-12-27 17:37:43', '2012-02-22 16:02:38');
INSERT INTO `friendship` (`id`, `friendship_inviter_id`, `friendship_invitee_id`, `requested_at`, `accepted_at`,
                          `rejected_at`)
VALUES (24, 4, 4, '1997-06-05 16:32:55', '1972-08-04 21:30:01', '1981-03-06 20:07:24');
INSERT INTO `friendship` (`id`, `friendship_inviter_id`, `friendship_invitee_id`, `requested_at`, `accepted_at`,
                          `rejected_at`)
VALUES (25, 30, 18, '1982-07-28 09:11:16', '1993-08-28 17:51:48', '1981-11-10 07:22:07');
INSERT INTO `friendship` (`id`, `friendship_inviter_id`, `friendship_invitee_id`, `requested_at`, `accepted_at`,
                          `rejected_at`)
VALUES (26, 30, 18, '2010-07-25 19:46:14', '2000-04-04 12:28:50', '2012-03-22 04:58:01');
INSERT INTO `friendship` (`id`, `friendship_inviter_id`, `friendship_invitee_id`, `requested_at`, `accepted_at`,
                          `rejected_at`)
VALUES (27, 7, 47, '2011-08-10 22:15:24', '1995-05-02 21:35:31', '2019-01-14 16:38:50');
INSERT INTO `friendship` (`id`, `friendship_inviter_id`, `friendship_invitee_id`, `requested_at`, `accepted_at`,
                          `rejected_at`)
VALUES (28, 35, 28, '2004-05-16 07:18:24', '1984-05-15 00:08:13', '1974-10-09 11:32:47');
INSERT INTO `friendship` (`id`, `friendship_inviter_id`, `friendship_invitee_id`, `requested_at`, `accepted_at`,
                          `rejected_at`)
VALUES (29, 18, 22, '1986-04-16 17:24:55', '2020-01-06 23:09:37', '1973-03-06 06:22:51');
INSERT INTO `friendship` (`id`, `friendship_inviter_id`, `friendship_invitee_id`, `requested_at`, `accepted_at`,
                          `rejected_at`)
VALUES (30, 21, 27, '1987-11-08 04:29:07', '1994-12-16 17:47:20', '1984-11-27 07:14:44');
INSERT INTO `friendship` (`id`, `friendship_inviter_id`, `friendship_invitee_id`, `requested_at`, `accepted_at`,
                          `rejected_at`)
VALUES (31, 4, 27, '1985-03-27 15:04:38', '2011-02-28 17:27:11', '1979-01-11 10:11:00');
INSERT INTO `friendship` (`id`, `friendship_inviter_id`, `friendship_invitee_id`, `requested_at`, `accepted_at`,
                          `rejected_at`)
VALUES (32, 24, 22, '2020-09-18 00:50:37', '2015-12-07 11:25:49', '2020-06-21 19:21:09');
INSERT INTO `friendship` (`id`, `friendship_inviter_id`, `friendship_invitee_id`, `requested_at`, `accepted_at`,
                          `rejected_at`)
VALUES (33, 50, 44, '2002-09-05 01:17:35', '2010-03-09 08:47:13', '1988-04-14 16:19:10');
INSERT INTO `friendship` (`id`, `friendship_inviter_id`, `friendship_invitee_id`, `requested_at`, `accepted_at`,
                          `rejected_at`)
VALUES (34, 31, 17, '1982-11-13 19:46:49', '1983-07-04 17:09:10', '1979-02-06 00:15:55');
INSERT INTO `friendship` (`id`, `friendship_inviter_id`, `friendship_invitee_id`, `requested_at`, `accepted_at`,
                          `rejected_at`)
VALUES (35, 38, 18, '1974-10-25 01:59:41', '2006-11-03 13:51:47', '2015-07-03 20:11:14');
INSERT INTO `friendship` (`id`, `friendship_inviter_id`, `friendship_invitee_id`, `requested_at`, `accepted_at`,
                          `rejected_at`)
VALUES (36, 19, 42, '2017-02-09 23:50:29', '1980-01-26 11:55:10', '2011-05-28 00:06:19');
INSERT INTO `friendship` (`id`, `friendship_inviter_id`, `friendship_invitee_id`, `requested_at`, `accepted_at`,
                          `rejected_at`)
VALUES (37, 17, 36, '2006-03-23 17:01:12', '2000-07-04 17:47:51', '1993-10-05 04:51:10');
INSERT INTO `friendship` (`id`, `friendship_inviter_id`, `friendship_invitee_id`, `requested_at`, `accepted_at`,
                          `rejected_at`)
VALUES (38, 9, 3, '1997-05-23 06:30:18', '1985-06-15 02:40:36', '2015-07-23 22:19:44');
INSERT INTO `friendship` (`id`, `friendship_inviter_id`, `friendship_invitee_id`, `requested_at`, `accepted_at`,
                          `rejected_at`)
VALUES (39, 6, 45, '1986-01-08 07:16:22', '2016-06-07 03:47:48', '2019-07-05 21:28:51');
INSERT INTO `friendship` (`id`, `friendship_inviter_id`, `friendship_invitee_id`, `requested_at`, `accepted_at`,
                          `rejected_at`)
VALUES (40, 13, 17, '1993-01-12 08:12:13', '2001-11-29 21:08:35', '1979-01-20 19:02:07');
INSERT INTO `friendship` (`id`, `friendship_inviter_id`, `friendship_invitee_id`, `requested_at`, `accepted_at`,
                          `rejected_at`)
VALUES (41, 22, 9, '1993-10-16 05:25:51', '1989-12-10 10:11:26', '1994-02-23 07:27:47');
INSERT INTO `friendship` (`id`, `friendship_inviter_id`, `friendship_invitee_id`, `requested_at`, `accepted_at`,
                          `rejected_at`)
VALUES (42, 5, 42, '2014-12-17 14:21:42', '1992-03-25 02:39:43', '1975-10-07 19:07:10');
INSERT INTO `friendship` (`id`, `friendship_inviter_id`, `friendship_invitee_id`, `requested_at`, `accepted_at`,
                          `rejected_at`)
VALUES (43, 3, 50, '1972-10-13 01:09:07', '2003-02-28 11:18:46', '1995-04-27 03:23:10');
INSERT INTO `friendship` (`id`, `friendship_inviter_id`, `friendship_invitee_id`, `requested_at`, `accepted_at`,
                          `rejected_at`)
VALUES (44, 3, 40, '2006-06-20 19:57:19', '1977-12-15 22:49:45', '2020-01-15 10:58:13');
INSERT INTO `friendship` (`id`, `friendship_inviter_id`, `friendship_invitee_id`, `requested_at`, `accepted_at`,
                          `rejected_at`)
VALUES (45, 23, 9, '1973-06-12 10:01:50', '2018-03-19 17:56:26', '2015-07-01 21:06:03');
INSERT INTO `friendship` (`id`, `friendship_inviter_id`, `friendship_invitee_id`, `requested_at`, `accepted_at`,
                          `rejected_at`)
VALUES (46, 49, 17, '2003-09-12 01:11:52', '1975-10-13 14:19:37', '1978-10-21 04:38:43');
INSERT INTO `friendship` (`id`, `friendship_inviter_id`, `friendship_invitee_id`, `requested_at`, `accepted_at`,
                          `rejected_at`)
VALUES (47, 3, 27, '2017-01-06 15:53:44', '1981-04-28 02:34:29', '2014-11-21 04:22:32');
INSERT INTO `friendship` (`id`, `friendship_inviter_id`, `friendship_invitee_id`, `requested_at`, `accepted_at`,
                          `rejected_at`)
VALUES (48, 11, 48, '2002-05-30 10:35:02', '2005-03-12 22:38:13', '1994-11-03 17:08:00');
INSERT INTO `friendship` (`id`, `friendship_inviter_id`, `friendship_invitee_id`, `requested_at`, `accepted_at`,
                          `rejected_at`)
VALUES (49, 17, 32, '2002-08-06 19:43:55', '1984-12-04 07:40:54', '1984-09-25 11:58:01');
INSERT INTO `friendship` (`id`, `friendship_inviter_id`, `friendship_invitee_id`, `requested_at`, `accepted_at`,
                          `rejected_at`)
VALUES (50, 39, 27, '1971-07-05 12:50:55', '1982-06-03 01:28:12', '1979-07-01 07:28:22');


-- -----------------------------------------------------
-- Table `event_manager`.`event`
-- -----------------------------------------------------
INSERT INTO `event` (`id`, `name`, `description`, `date`, `time`, `event_address_id`, `creator_id`, `canceled`,
                     `created_at`, `updated_at`)
VALUES (1, 'illum',
        'Aspernatur voluptas dolore qui sequi voluptatem. Ab dolorem reprehenderit voluptatem ea velit. Ullam dolore dolor reiciendis et. Repellendus eum quia quos consequuntur quisquam.',
        '1999-04-04', '20:20:20', 44, 15, 0, '2003-01-11 05:23:54', '1982-10-06 23:42:23');
INSERT INTO `event` (`id`, `name`, `description`, `date`, `time`, `event_address_id`, `creator_id`, `canceled`,
                     `created_at`, `updated_at`)
VALUES (2, 'est',
        'Ratione pariatur molestiae nihil repellendus officia sed sunt. Deserunt nisi illo ratione dolor nostrum amet debitis. Dolores saepe necessitatibus adipisci voluptatem velit eos rem. Similique iure porro enim expedita.',
        '2010-10-20', '10:17:41', 29, 50, 0, '2018-02-16 17:55:41', '1985-07-17 11:15:08');
INSERT INTO `event` (`id`, `name`, `description`, `date`, `time`, `event_address_id`, `creator_id`, `canceled`,
                     `created_at`, `updated_at`)
VALUES (3, 'sint',
        'Et ipsam adipisci repudiandae veniam illo sunt expedita. Possimus cumque fugiat recusandae porro molestiae enim est. Earum vero esse voluptas aliquid rerum consequatur nulla.',
        '1989-04-05', '06:54:58', 9, 17, 0, '2006-07-06 14:52:14', '1988-06-12 01:32:38');
INSERT INTO `event` (`id`, `name`, `description`, `date`, `time`, `event_address_id`, `creator_id`, `canceled`,
                     `created_at`, `updated_at`)
VALUES (4, 'sit',
        'Minima dicta architecto facilis nemo et. Consequuntur totam voluptas et et molestias. Occaecati aut ut fuga inventore. Pariatur quia id provident et suscipit. Incidunt hic blanditiis saepe odit odio mollitia.',
        '1986-10-19', '04:18:19', 5, 7, 0, '2016-08-20 12:06:58', '2015-09-08 15:39:12');
INSERT INTO `event` (`id`, `name`, `description`, `date`, `time`, `event_address_id`, `creator_id`, `canceled`,
                     `created_at`, `updated_at`)
VALUES (5, 'fuga',
        'Et ullam et aperiam aut eveniet. Maxime molestiae sit sit et. Odit recusandae tempore consequatur asperiores hic molestiae dolores. Ipsam quibusdam quasi voluptas dolorem in.',
        '1972-03-09', '20:24:08', 49, 37, 0, '1996-07-29 15:55:47', '1983-07-22 02:08:04');
INSERT INTO `event` (`id`, `name`, `description`, `date`, `time`, `event_address_id`, `creator_id`, `canceled`,
                     `created_at`, `updated_at`)
VALUES (6, 'ea',
        'Facere unde repudiandae ipsam repudiandae expedita. Voluptatum quae ut earum sed blanditiis. Et sint laboriosam laboriosam ipsa. Suscipit aut officia officiis.',
        '1989-06-27', '18:57:58', 48, 16, 0, '2003-05-15 23:02:02', '2018-08-05 22:20:08');
INSERT INTO `event` (`id`, `name`, `description`, `date`, `time`, `event_address_id`, `creator_id`, `canceled`,
                     `created_at`, `updated_at`)
VALUES (7, 'earum',
        'Mollitia voluptates quas omnis eligendi. Vel vitae quae magni eligendi aut. Consequatur ea dicta minus qui perspiciatis reprehenderit.',
        '1989-05-03', '06:13:43', 42, 23, 0, '1993-01-18 02:07:46', '2010-03-10 20:07:55');
INSERT INTO `event` (`id`, `name`, `description`, `date`, `time`, `event_address_id`, `creator_id`, `canceled`,
                     `created_at`, `updated_at`)
VALUES (8, 'voluptas',
        'Aut eum facilis numquam incidunt. Consequatur repellat minima et dolore. Sed repellendus et praesentium atque. Consequuntur debitis nostrum quis ut voluptas fuga quo.',
        '1970-02-02', '01:40:19', 4, 17, 0, '2016-06-29 05:18:50', '1990-03-12 06:42:50');
INSERT INTO `event` (`id`, `name`, `description`, `date`, `time`, `event_address_id`, `creator_id`, `canceled`,
                     `created_at`, `updated_at`)
VALUES (9, 'tempore',
        'Quis iusto sunt id et id sunt. Aut aut aut id neque. Aut quas inventore et fugiat dolorem. Incidunt voluptas repellendus aut sequi.',
        '1979-09-07', '21:49:56', 8, 23, 0, '1980-10-10 09:51:40', '1991-04-16 01:47:23');
INSERT INTO `event` (`id`, `name`, `description`, `date`, `time`, `event_address_id`, `creator_id`, `canceled`,
                     `created_at`, `updated_at`)
VALUES (10, 'eum',
        'Impedit consequatur aperiam aut debitis tenetur at. Tenetur officia facere laborum quasi dolor dolorem quod.',
        '2017-11-09', '08:07:10', 17, 35, 0, '2002-12-18 20:25:30', '1990-04-18 22:42:15');
INSERT INTO `event` (`id`, `name`, `description`, `date`, `time`, `event_address_id`, `creator_id`, `canceled`,
                     `created_at`, `updated_at`)
VALUES (11, 'explicabo',
        'Unde dolores necessitatibus fugiat. Tempore rerum porro consectetur deserunt. Maiores autem quod labore dicta dolore. Quo vel expedita est itaque ullam fugiat eveniet ducimus. Autem iusto perspiciatis qui dolor et culpa.',
        '2013-06-02', '23:05:42', 45, 22, 0, '2017-06-06 15:55:43', '2000-11-07 04:59:32');
INSERT INTO `event` (`id`, `name`, `description`, `date`, `time`, `event_address_id`, `creator_id`, `canceled`,
                     `created_at`, `updated_at`)
VALUES (12, 'mollitia', 'Voluptas saepe aut hic iusto. Vel aut dolor esse provident qui qui quod a.', '1987-06-14',
        '07:24:41', 36, 40, 0, '1983-10-01 04:41:49', '2013-05-15 20:24:29');
INSERT INTO `event` (`id`, `name`, `description`, `date`, `time`, `event_address_id`, `creator_id`, `canceled`,
                     `created_at`, `updated_at`)
VALUES (13, 'sapiente',
        'Officiis voluptas minima beatae culpa nesciunt in. Voluptate consequuntur aperiam beatae odit debitis dolorum. Corporis est eveniet tempora sit culpa. Qui vero perspiciatis voluptatibus fugit facere officia repudiandae.',
        '2010-07-24', '11:48:50', 7, 8, 0, '1983-07-03 16:37:26', '1985-03-22 20:22:23');
INSERT INTO `event` (`id`, `name`, `description`, `date`, `time`, `event_address_id`, `creator_id`, `canceled`,
                     `created_at`, `updated_at`)
VALUES (14, 'voluptatum',
        'Commodi velit neque dolores odit. At aspernatur velit nihil porro consequatur. Consectetur et quam ab est ut. Rerum eos distinctio hic esse sit voluptatem autem autem.',
        '1979-10-25', '05:27:43', 7, 26, 0, '1973-03-03 04:23:20', '1990-07-01 16:48:11');
INSERT INTO `event` (`id`, `name`, `description`, `date`, `time`, `event_address_id`, `creator_id`, `canceled`,
                     `created_at`, `updated_at`)
VALUES (15, 'veritatis',
        'Alias eos amet aut sunt. Molestiae sit beatae unde tenetur sequi officiis ratione. Tenetur distinctio tempore laudantium incidunt nisi reprehenderit.',
        '2006-01-12', '17:45:28', 33, 9, 0, '2007-02-01 19:32:48', '1978-02-12 17:59:06');
INSERT INTO `event` (`id`, `name`, `description`, `date`, `time`, `event_address_id`, `creator_id`, `canceled`,
                     `created_at`, `updated_at`)
VALUES (16, 'et',
        'Debitis blanditiis quo cum eligendi sint ea explicabo quis. Libero dolorum repudiandae est et libero sed. Possimus porro veritatis amet saepe aperiam. Saepe voluptas ea qui eligendi similique. Officia voluptas rerum sed corporis ipsum voluptatem velit.',
        '2005-11-07', '01:52:18', 31, 28, 0, '2001-04-28 10:30:14', '2009-05-15 21:27:35');
INSERT INTO `event` (`id`, `name`, `description`, `date`, `time`, `event_address_id`, `creator_id`, `canceled`,
                     `created_at`, `updated_at`)
VALUES (17, 'qui',
        'Pariatur recusandae soluta quia ut eveniet reprehenderit dolores. Quibusdam consequatur nisi atque debitis facilis assumenda est quia.',
        '1982-10-14', '01:43:17', 40, 46, 0, '2018-11-28 06:57:22', '1970-04-24 08:18:33');
INSERT INTO `event` (`id`, `name`, `description`, `date`, `time`, `event_address_id`, `creator_id`, `canceled`,
                     `created_at`, `updated_at`)
VALUES (18, 'enim',
        'Maiores delectus maxime aspernatur ut. Praesentium a doloribus nam accusamus molestiae voluptas impedit. Et dolores explicabo et voluptatem. Optio repellendus minus saepe laboriosam vel illo.',
        '1983-12-24', '00:08:22', 1, 10, 0, '1977-02-15 13:50:31', '1991-03-14 18:01:48');
INSERT INTO `event` (`id`, `name`, `description`, `date`, `time`, `event_address_id`, `creator_id`, `canceled`,
                     `created_at`, `updated_at`)
VALUES (19, 'aut',
        'Cupiditate dolor corporis minima molestias consequuntur dignissimos. Excepturi quasi aut ipsum aut libero ea. Tempora maxime explicabo deleniti.',
        '1982-01-24', '23:28:04', 41, 18, 0, '2015-10-18 08:09:17', '2014-09-11 01:05:29');
INSERT INTO `event` (`id`, `name`, `description`, `date`, `time`, `event_address_id`, `creator_id`, `canceled`,
                     `created_at`, `updated_at`)
VALUES (20, 'dicta',
        'Numquam quae et veniam magni dicta aut. Pariatur aliquam molestias et iste eveniet consequatur aliquid. Nisi atque itaque qui numquam.',
        '1972-09-27', '17:56:35', 16, 21, 0, '2001-05-04 15:59:13', '1986-11-26 15:01:05');
INSERT INTO `event` (`id`, `name`, `description`, `date`, `time`, `event_address_id`, `creator_id`, `canceled`,
                     `created_at`, `updated_at`)
VALUES (21, 'voluptas',
        'Ea cupiditate facere dicta consequuntur laboriosam. Quis dolor at soluta rerum impedit. Repellendus aspernatur neque facilis porro.',
        '1977-03-15', '04:20:08', 22, 37, 0, '1994-03-14 08:07:23', '1985-02-24 11:57:10');
INSERT INTO `event` (`id`, `name`, `description`, `date`, `time`, `event_address_id`, `creator_id`, `canceled`,
                     `created_at`, `updated_at`)
VALUES (22, 'porro',
        'Ut harum magni et fugit. Aut illum ipsum rerum vitae veniam est tempora et. Quis voluptatem hic rerum quae. Velit mollitia excepturi eius ea enim debitis.',
        '2013-01-06', '19:38:01', 16, 20, 0, '2004-12-06 17:09:06', '1975-02-27 11:57:05');
INSERT INTO `event` (`id`, `name`, `description`, `date`, `time`, `event_address_id`, `creator_id`, `canceled`,
                     `created_at`, `updated_at`)
VALUES (23, 'ex', 'Et enim deleniti labore laborum aut. Ducimus nam et nihil qui qui eligendi quidem.', '2009-04-26',
        '01:50:19', 25, 1, 0, '1997-10-13 17:09:39', '2017-08-05 13:58:14');
INSERT INTO `event` (`id`, `name`, `description`, `date`, `time`, `event_address_id`, `creator_id`, `canceled`,
                     `created_at`, `updated_at`)
VALUES (24, 'asperiores',
        'Dolore voluptatem ipsam ipsa est modi soluta consequatur dolorem. Est suscipit unde nisi est voluptatem. Et sit quis voluptatibus numquam.',
        '1979-03-30', '19:22:04', 40, 2, 0, '2020-10-08 01:34:00', '2020-01-14 08:47:43');
INSERT INTO `event` (`id`, `name`, `description`, `date`, `time`, `event_address_id`, `creator_id`, `canceled`,
                     `created_at`, `updated_at`)
VALUES (25, 'numquam',
        'Voluptatem tempore qui dolore quaerat ex necessitatibus. Impedit earum fugiat laboriosam ducimus nulla. Numquam id quas sunt non. Ut dolores soluta voluptas rerum sint.',
        '1970-12-31', '07:48:25', 28, 35, 0, '2016-12-22 07:02:40', '1980-01-03 03:23:53');
INSERT INTO `event` (`id`, `name`, `description`, `date`, `time`, `event_address_id`, `creator_id`, `canceled`,
                     `created_at`, `updated_at`)
VALUES (26, 'nemo',
        'Quo occaecati aut consequatur quia iste in quas atque. Ea rerum tempore aut nihil omnis provident consectetur et. Quos iusto ea suscipit. Impedit dolores molestias exercitationem et et et.',
        '2008-04-07', '02:01:05', 36, 29, 0, '2009-01-30 14:57:17', '1990-12-22 02:27:30');
INSERT INTO `event` (`id`, `name`, `description`, `date`, `time`, `event_address_id`, `creator_id`, `canceled`,
                     `created_at`, `updated_at`)
VALUES (27, 'consequatur',
        'Provident laboriosam adipisci molestiae ea facilis unde est tempore. Assumenda et cupiditate sint explicabo quia est. Est provident maiores voluptatum laborum fugiat.',
        '1995-04-25', '20:15:16', 33, 29, 0, '1987-09-13 03:59:49', '1989-03-13 16:02:06');
INSERT INTO `event` (`id`, `name`, `description`, `date`, `time`, `event_address_id`, `creator_id`, `canceled`,
                     `created_at`, `updated_at`)
VALUES (28, 'omnis',
        'Et officia veritatis aut aut. Rerum quo rerum corrupti id eius. Hic eum magni saepe incidunt necessitatibus blanditiis.',
        '1993-09-12', '23:55:38', 31, 9, 0, '1971-07-22 20:33:50', '1972-04-27 00:20:06');
INSERT INTO `event` (`id`, `name`, `description`, `date`, `time`, `event_address_id`, `creator_id`, `canceled`,
                     `created_at`, `updated_at`)
VALUES (29, 'officiis',
        'Unde ullam beatae exercitationem dolore. Veritatis accusantium libero iusto officia placeat veritatis pariatur. Exercitationem sint voluptatem quos ut enim temporibus. Sed qui aut corrupti omnis repudiandae rem aut.',
        '1996-05-11', '22:38:11', 25, 39, 0, '1999-09-20 16:52:26', '2009-03-16 07:55:40');
INSERT INTO `event` (`id`, `name`, `description`, `date`, `time`, `event_address_id`, `creator_id`, `canceled`,
                     `created_at`, `updated_at`)
VALUES (30, 'vel',
        'Sed minus voluptatibus id quos architecto aliquid repellendus modi. Qui quis quo illum nesciunt qui numquam aspernatur aut. Incidunt tempora tempore voluptas consequatur. Corporis facere maiores veniam nesciunt accusantium voluptatem autem.',
        '1998-07-12', '20:00:35', 31, 29, 0, '1990-09-17 03:23:13', '2018-02-27 10:40:46');
INSERT INTO `event` (`id`, `name`, `description`, `date`, `time`, `event_address_id`, `creator_id`, `canceled`,
                     `created_at`, `updated_at`)
VALUES (31, 'quia',
        'Et natus neque nihil rerum beatae minus iste. Reprehenderit cum voluptas quas laudantium inventore.',
        '1982-03-30', '13:51:07', 18, 14, 0, '1996-10-26 19:31:03', '1984-07-31 03:12:14');
INSERT INTO `event` (`id`, `name`, `description`, `date`, `time`, `event_address_id`, `creator_id`, `canceled`,
                     `created_at`, `updated_at`)
VALUES (32, 'odio', 'Id provident provident quia aut autem. Quia officiis deleniti numquam eveniet labore.',
        '1982-12-01', '20:34:28', 26, 37, 0, '1981-02-01 09:26:14', '1997-06-25 09:43:36');
INSERT INTO `event` (`id`, `name`, `description`, `date`, `time`, `event_address_id`, `creator_id`, `canceled`,
                     `created_at`, `updated_at`)
VALUES (33, 'ea',
        'Ut consectetur deserunt blanditiis quia possimus doloribus. Est recusandae ut dolore maxime qui. Velit ut iure eligendi est inventore possimus ipsum.',
        '2019-08-08', '18:05:43', 18, 34, 0, '2018-04-15 22:45:30', '2018-12-10 00:45:34');
INSERT INTO `event` (`id`, `name`, `description`, `date`, `time`, `event_address_id`, `creator_id`, `canceled`,
                     `created_at`, `updated_at`)
VALUES (34, 'id',
        'Nihil repellat inventore nemo fugiat. Consequatur hic consequatur repudiandae ut voluptate eaque id. Repudiandae et enim et excepturi nemo nulla. Et sint aut ipsam amet eum.',
        '1992-02-16', '05:18:10', 43, 7, 0, '1992-07-05 06:44:03', '1978-05-09 04:19:38');
INSERT INTO `event` (`id`, `name`, `description`, `date`, `time`, `event_address_id`, `creator_id`, `canceled`,
                     `created_at`, `updated_at`)
VALUES (35, 'ut',
        'Sit ut officia inventore aut aspernatur. Sapiente minima cupiditate consequuntur minima. Rerum facere dolorem labore impedit maiores.',
        '2007-02-23', '07:40:04', 26, 48, 0, '2020-04-10 06:42:35', '1991-07-28 18:10:41');
INSERT INTO `event` (`id`, `name`, `description`, `date`, `time`, `event_address_id`, `creator_id`, `canceled`,
                     `created_at`, `updated_at`)
VALUES (36, 'aut',
        'Molestiae laudantium et quis iste laudantium. Distinctio et voluptatem excepturi. Nihil labore est autem.',
        '2013-11-02', '12:28:41', 20, 13, 0, '1976-08-30 07:22:06', '1970-02-13 22:48:39');
INSERT INTO `event` (`id`, `name`, `description`, `date`, `time`, `event_address_id`, `creator_id`, `canceled`,
                     `created_at`, `updated_at`)
VALUES (37, 'nesciunt',
        'Numquam vitae officiis alias veritatis. Ea facilis id sint laboriosam doloribus. Deserunt mollitia accusantium in optio.',
        '2010-07-01', '22:52:19', 42, 35, 0, '2019-03-16 18:55:09', '2019-06-01 10:09:32');
INSERT INTO `event` (`id`, `name`, `description`, `date`, `time`, `event_address_id`, `creator_id`, `canceled`,
                     `created_at`, `updated_at`)
VALUES (38, 'quia',
        'Voluptatibus rem necessitatibus eum enim. Expedita et blanditiis qui eum est quisquam. Placeat modi saepe eos consequuntur eos eum. Quis et et officiis sequi molestias aliquid perspiciatis assumenda.',
        '1984-01-25', '02:35:31', 47, 44, 0, '2000-05-12 04:10:17', '2004-08-24 11:52:38');
INSERT INTO `event` (`id`, `name`, `description`, `date`, `time`, `event_address_id`, `creator_id`, `canceled`,
                     `created_at`, `updated_at`)
VALUES (39, 'quisquam',
        'Aperiam distinctio at molestias consequatur a itaque recusandae. Voluptatibus nemo sed ut molestiae quidem. Fugit minima voluptates qui est exercitationem sed aut.',
        '1989-04-24', '02:36:29', 12, 30, 0, '2013-01-07 23:32:48', '1973-08-28 15:34:49');
INSERT INTO `event` (`id`, `name`, `description`, `date`, `time`, `event_address_id`, `creator_id`, `canceled`,
                     `created_at`, `updated_at`)
VALUES (40, 'sit',
        'Est sit excepturi dicta non ut possimus voluptatem voluptates. A provident excepturi molestiae quasi voluptatem. Omnis deserunt maiores quo. Est ex eos animi qui reiciendis tempora laudantium dicta.',
        '1993-07-27', '16:41:46', 50, 11, 0, '2017-06-15 16:46:38', '2018-01-28 10:44:46');
INSERT INTO `event` (`id`, `name`, `description`, `date`, `time`, `event_address_id`, `creator_id`, `canceled`,
                     `created_at`, `updated_at`)
VALUES (41, 'nam',
        'Provident vero vero rem ut sed voluptas. Aut in veniam dolore cupiditate delectus fugiat explicabo. Magni ducimus harum dolor modi modi voluptas. Magni quidem veritatis saepe dolorem quia fuga.',
        '1988-03-10', '11:55:23', 19, 22, 0, '2009-05-02 07:38:00', '2002-11-08 17:23:41');
INSERT INTO `event` (`id`, `name`, `description`, `date`, `time`, `event_address_id`, `creator_id`, `canceled`,
                     `created_at`, `updated_at`)
VALUES (42, 'non',
        'Dignissimos quaerat ipsam fugiat possimus. Est quis facere porro ducimus recusandae odit deserunt. Illum voluptate similique autem veniam. A sed corporis aperiam facilis debitis numquam.',
        '1985-10-21', '05:21:28', 13, 4, 0, '1979-02-12 12:01:07', '2005-03-10 23:28:20');
INSERT INTO `event` (`id`, `name`, `description`, `date`, `time`, `event_address_id`, `creator_id`, `canceled`,
                     `created_at`, `updated_at`)
VALUES (43, 'ut',
        'Nam alias consequatur et est alias. Reiciendis quia et inventore. Veritatis nesciunt nihil ea ut sed praesentium.',
        '1990-11-28', '04:56:53', 33, 8, 0, '1981-10-16 22:41:31', '1978-09-16 16:33:13');
INSERT INTO `event` (`id`, `name`, `description`, `date`, `time`, `event_address_id`, `creator_id`, `canceled`,
                     `created_at`, `updated_at`)
VALUES (44, 'laudantium',
        'Iusto libero aut quia rerum sunt voluptatem nostrum. Magni nobis consequatur officia est officia. Consequatur a fuga voluptatibus harum molestiae architecto.',
        '1975-02-11', '15:50:12', 24, 39, 0, '2013-01-01 01:58:16', '1972-09-23 09:12:41');
INSERT INTO `event` (`id`, `name`, `description`, `date`, `time`, `event_address_id`, `creator_id`, `canceled`,
                     `created_at`, `updated_at`)
VALUES (45, 'aut', 'Cumque esse sunt vel mollitia dolore fugiat. Nobis quis necessitatibus odio impedit excepturi qui.',
        '2013-05-25', '16:15:26', 29, 50, 0, '1985-07-12 07:37:22', '1993-09-18 11:25:24');
INSERT INTO `event` (`id`, `name`, `description`, `date`, `time`, `event_address_id`, `creator_id`, `canceled`,
                     `created_at`, `updated_at`)
VALUES (46, 'ad',
        'Voluptatem possimus voluptatem et error enim. Et ut iste et veritatis pariatur maxime. Aut adipisci dolores rerum incidunt ut a dignissimos.',
        '1987-09-21', '10:10:11', 3, 50, 0, '1998-01-14 03:10:01', '2007-12-30 12:04:16');
INSERT INTO `event` (`id`, `name`, `description`, `date`, `time`, `event_address_id`, `creator_id`, `canceled`,
                     `created_at`, `updated_at`)
VALUES (47, 'et',
        'Ex numquam facere repudiandae consequatur neque tempora est. Expedita perspiciatis dolor ut quae enim. Minima explicabo nihil perferendis nobis debitis amet. Ea architecto praesentium in facilis unde accusantium. Sed corporis et odio eaque eveniet.',
        '2004-08-13', '01:49:26', 46, 37, 0, '1997-04-17 08:00:11', '1995-06-14 01:07:14');
INSERT INTO `event` (`id`, `name`, `description`, `date`, `time`, `event_address_id`, `creator_id`, `canceled`,
                     `created_at`, `updated_at`)
VALUES (48, 'facilis',
        'Qui enim quo ut rem non cumque. Aut ipsa distinctio assumenda adipisci. Quos totam ex aliquid beatae ipsa.',
        '1991-04-20', '23:54:18', 24, 48, 0, '1972-05-20 19:15:09', '2011-11-09 15:57:06');
INSERT INTO `event` (`id`, `name`, `description`, `date`, `time`, `event_address_id`, `creator_id`, `canceled`,
                     `created_at`, `updated_at`)
VALUES (49, 'nesciunt',
        'Quo doloremque enim aut. Nam modi dolorum beatae necessitatibus deserunt cum qui. Consectetur consequatur fugit recusandae dolorem quo impedit. Sit esse vero odio vel.',
        '1988-10-16', '04:31:32', 44, 36, 0, '1987-11-05 06:37:34', '1982-08-05 08:54:17');
INSERT INTO `event` (`id`, `name`, `description`, `date`, `time`, `event_address_id`, `creator_id`, `canceled`,
                     `created_at`, `updated_at`)
VALUES (50, 'dignissimos',
        'Deleniti sint eum voluptas eum. Nihil id ut voluptatem omnis qui enim. Rerum veritatis sed sit nulla.',
        '2015-01-31', '16:42:47', 18, 32, 0, '2002-01-03 08:35:20', '2000-05-01 18:38:08');


-- -----------------------------------------------------
-- Table `event_manager`.`event_attendance`
-- -----------------------------------------------------
INSERT INTO `event_attendance` (`id`, `attendance_event_id`, `attendance_user_id`)
VALUES (1, 50, 49);
INSERT INTO `event_attendance` (`id`, `attendance_event_id`, `attendance_user_id`)
VALUES (2, 50, 40);
INSERT INTO `event_attendance` (`id`, `attendance_event_id`, `attendance_user_id`)
VALUES (3, 50, 3);
INSERT INTO `event_attendance` (`id`, `attendance_event_id`, `attendance_user_id`)
VALUES (4, 16, 24);
INSERT INTO `event_attendance` (`id`, `attendance_event_id`, `attendance_user_id`)
VALUES (5, 47, 16);
INSERT INTO `event_attendance` (`id`, `attendance_event_id`, `attendance_user_id`)
VALUES (6, 4, 35);
INSERT INTO `event_attendance` (`id`, `attendance_event_id`, `attendance_user_id`)
VALUES (7, 23, 36);
INSERT INTO `event_attendance` (`id`, `attendance_event_id`, `attendance_user_id`)
VALUES (8, 9, 4);
INSERT INTO `event_attendance` (`id`, `attendance_event_id`, `attendance_user_id`)
VALUES (9, 39, 15);
INSERT INTO `event_attendance` (`id`, `attendance_event_id`, `attendance_user_id`)
VALUES (10, 45, 11);
INSERT INTO `event_attendance` (`id`, `attendance_event_id`, `attendance_user_id`)
VALUES (11, 19, 7);
INSERT INTO `event_attendance` (`id`, `attendance_event_id`, `attendance_user_id`)
VALUES (12, 3, 26);
INSERT INTO `event_attendance` (`id`, `attendance_event_id`, `attendance_user_id`)
VALUES (13, 9, 11);
INSERT INTO `event_attendance` (`id`, `attendance_event_id`, `attendance_user_id`)
VALUES (14, 45, 12);
INSERT INTO `event_attendance` (`id`, `attendance_event_id`, `attendance_user_id`)
VALUES (15, 4, 8);
INSERT INTO `event_attendance` (`id`, `attendance_event_id`, `attendance_user_id`)
VALUES (16, 3, 44);
INSERT INTO `event_attendance` (`id`, `attendance_event_id`, `attendance_user_id`)
VALUES (17, 17, 3);
INSERT INTO `event_attendance` (`id`, `attendance_event_id`, `attendance_user_id`)
VALUES (18, 29, 24);
INSERT INTO `event_attendance` (`id`, `attendance_event_id`, `attendance_user_id`)
VALUES (19, 49, 36);
INSERT INTO `event_attendance` (`id`, `attendance_event_id`, `attendance_user_id`)
VALUES (20, 50, 26);
INSERT INTO `event_attendance` (`id`, `attendance_event_id`, `attendance_user_id`)
VALUES (21, 32, 4);
INSERT INTO `event_attendance` (`id`, `attendance_event_id`, `attendance_user_id`)
VALUES (22, 19, 4);
INSERT INTO `event_attendance` (`id`, `attendance_event_id`, `attendance_user_id`)
VALUES (23, 30, 1);
INSERT INTO `event_attendance` (`id`, `attendance_event_id`, `attendance_user_id`)
VALUES (24, 21, 32);
INSERT INTO `event_attendance` (`id`, `attendance_event_id`, `attendance_user_id`)
VALUES (25, 11, 6);
INSERT INTO `event_attendance` (`id`, `attendance_event_id`, `attendance_user_id`)
VALUES (26, 14, 40);
INSERT INTO `event_attendance` (`id`, `attendance_event_id`, `attendance_user_id`)
VALUES (27, 16, 43);
INSERT INTO `event_attendance` (`id`, `attendance_event_id`, `attendance_user_id`)
VALUES (28, 27, 28);
INSERT INTO `event_attendance` (`id`, `attendance_event_id`, `attendance_user_id`)
VALUES (29, 10, 8);
INSERT INTO `event_attendance` (`id`, `attendance_event_id`, `attendance_user_id`)
VALUES (30, 16, 33);
INSERT INTO `event_attendance` (`id`, `attendance_event_id`, `attendance_user_id`)
VALUES (31, 21, 12);
INSERT INTO `event_attendance` (`id`, `attendance_event_id`, `attendance_user_id`)
VALUES (32, 41, 6);
INSERT INTO `event_attendance` (`id`, `attendance_event_id`, `attendance_user_id`)
VALUES (33, 8, 37);
INSERT INTO `event_attendance` (`id`, `attendance_event_id`, `attendance_user_id`)
VALUES (34, 31, 25);
INSERT INTO `event_attendance` (`id`, `attendance_event_id`, `attendance_user_id`)
VALUES (35, 9, 37);
INSERT INTO `event_attendance` (`id`, `attendance_event_id`, `attendance_user_id`)
VALUES (36, 50, 19);
INSERT INTO `event_attendance` (`id`, `attendance_event_id`, `attendance_user_id`)
VALUES (37, 35, 11);
INSERT INTO `event_attendance` (`id`, `attendance_event_id`, `attendance_user_id`)
VALUES (38, 50, 27);
INSERT INTO `event_attendance` (`id`, `attendance_event_id`, `attendance_user_id`)
VALUES (39, 19, 47);
INSERT INTO `event_attendance` (`id`, `attendance_event_id`, `attendance_user_id`)
VALUES (40, 47, 38);
INSERT INTO `event_attendance` (`id`, `attendance_event_id`, `attendance_user_id`)
VALUES (41, 24, 22);
INSERT INTO `event_attendance` (`id`, `attendance_event_id`, `attendance_user_id`)
VALUES (42, 2, 14);
INSERT INTO `event_attendance` (`id`, `attendance_event_id`, `attendance_user_id`)
VALUES (43, 30, 40);
INSERT INTO `event_attendance` (`id`, `attendance_event_id`, `attendance_user_id`)
VALUES (44, 1, 49);
INSERT INTO `event_attendance` (`id`, `attendance_event_id`, `attendance_user_id`)
VALUES (45, 2, 23);
INSERT INTO `event_attendance` (`id`, `attendance_event_id`, `attendance_user_id`)
VALUES (46, 32, 25);
INSERT INTO `event_attendance` (`id`, `attendance_event_id`, `attendance_user_id`)
VALUES (47, 17, 22);
INSERT INTO `event_attendance` (`id`, `attendance_event_id`, `attendance_user_id`)
VALUES (48, 24, 22);
INSERT INTO `event_attendance` (`id`, `attendance_event_id`, `attendance_user_id`)
VALUES (49, 18, 14);
INSERT INTO `event_attendance` (`id`, `attendance_event_id`, `attendance_user_id`)
VALUES (50, 4, 31);


-- -----------------------------------------------------
-- Table `event_manager`.`event_invitation`
-- -----------------------------------------------------
INSERT INTO `event_invitation` (`id`, `invitation_inviter_id`, `invitation_invitee_id`, `invitation_event_id`,
                                `invitation_invited_at`, `accepted_at`, `rejected_at`)
VALUES (1, 4, 50, 37, '1982-08-29 12:19:35', '1992-04-30 13:32:07', '2004-04-21 00:01:34');
INSERT INTO `event_invitation` (`id`, `invitation_inviter_id`, `invitation_invitee_id`, `invitation_event_id`,
                                `invitation_invited_at`, `accepted_at`, `rejected_at`)
VALUES (2, 5, 23, 15, '2011-11-20 23:55:01', '1993-04-23 20:27:55', '1989-10-28 22:10:09');
INSERT INTO `event_invitation` (`id`, `invitation_inviter_id`, `invitation_invitee_id`, `invitation_event_id`,
                                `invitation_invited_at`, `accepted_at`, `rejected_at`)
VALUES (3, 19, 13, 1, '2006-01-05 10:24:47', '1995-01-07 19:47:23', '1995-12-13 01:36:05');
INSERT INTO `event_invitation` (`id`, `invitation_inviter_id`, `invitation_invitee_id`, `invitation_event_id`,
                                `invitation_invited_at`, `accepted_at`, `rejected_at`)
VALUES (4, 29, 10, 13, '2011-12-04 19:11:21', '1980-12-10 05:07:35', '1975-10-19 10:12:01');
INSERT INTO `event_invitation` (`id`, `invitation_inviter_id`, `invitation_invitee_id`, `invitation_event_id`,
                                `invitation_invited_at`, `accepted_at`, `rejected_at`)
VALUES (5, 7, 19, 27, '1972-11-17 21:08:13', '1989-05-09 22:29:00', '2000-08-26 05:33:54');
INSERT INTO `event_invitation` (`id`, `invitation_inviter_id`, `invitation_invitee_id`, `invitation_event_id`,
                                `invitation_invited_at`, `accepted_at`, `rejected_at`)
VALUES (6, 46, 38, 1, '2004-04-24 03:59:06', '1973-01-07 19:28:12', '1980-04-20 14:39:40');
INSERT INTO `event_invitation` (`id`, `invitation_inviter_id`, `invitation_invitee_id`, `invitation_event_id`,
                                `invitation_invited_at`, `accepted_at`, `rejected_at`)
VALUES (7, 23, 30, 2, '2014-02-14 16:12:27', '2003-10-18 04:08:51', '1972-02-28 07:53:03');
INSERT INTO `event_invitation` (`id`, `invitation_inviter_id`, `invitation_invitee_id`, `invitation_event_id`,
                                `invitation_invited_at`, `accepted_at`, `rejected_at`)
VALUES (8, 41, 45, 49, '1978-02-24 06:23:23', '2018-03-07 09:29:29', '2001-04-26 13:48:41');
INSERT INTO `event_invitation` (`id`, `invitation_inviter_id`, `invitation_invitee_id`, `invitation_event_id`,
                                `invitation_invited_at`, `accepted_at`, `rejected_at`)
VALUES (9, 8, 38, 7, '1989-09-17 22:51:34', '2000-01-11 13:29:47', '1972-04-08 13:49:45');
INSERT INTO `event_invitation` (`id`, `invitation_inviter_id`, `invitation_invitee_id`, `invitation_event_id`,
                                `invitation_invited_at`, `accepted_at`, `rejected_at`)
VALUES (10, 25, 44, 30, '1982-01-23 10:57:16', '1992-01-13 19:13:42', '1973-09-30 16:39:32');
INSERT INTO `event_invitation` (`id`, `invitation_inviter_id`, `invitation_invitee_id`, `invitation_event_id`,
                                `invitation_invited_at`, `accepted_at`, `rejected_at`)
VALUES (11, 43, 14, 14, '2001-04-29 05:01:28', '2016-12-05 17:52:49', '2000-02-28 23:58:07');
INSERT INTO `event_invitation` (`id`, `invitation_inviter_id`, `invitation_invitee_id`, `invitation_event_id`,
                                `invitation_invited_at`, `accepted_at`, `rejected_at`)
VALUES (12, 35, 13, 34, '1996-03-14 10:44:09', '2001-09-09 16:58:39', '1982-05-25 23:12:22');
INSERT INTO `event_invitation` (`id`, `invitation_inviter_id`, `invitation_invitee_id`, `invitation_event_id`,
                                `invitation_invited_at`, `accepted_at`, `rejected_at`)
VALUES (13, 39, 34, 42, '1987-02-28 10:17:08', '1988-09-06 21:58:10', '1992-12-28 19:52:38');
INSERT INTO `event_invitation` (`id`, `invitation_inviter_id`, `invitation_invitee_id`, `invitation_event_id`,
                                `invitation_invited_at`, `accepted_at`, `rejected_at`)
VALUES (14, 11, 31, 21, '2010-11-07 00:41:55', '2004-02-18 14:26:33', '1996-11-10 19:53:10');
INSERT INTO `event_invitation` (`id`, `invitation_inviter_id`, `invitation_invitee_id`, `invitation_event_id`,
                                `invitation_invited_at`, `accepted_at`, `rejected_at`)
VALUES (15, 49, 46, 42, '1972-10-30 22:54:30', '1970-02-02 18:04:21', '1984-06-17 12:40:12');
INSERT INTO `event_invitation` (`id`, `invitation_inviter_id`, `invitation_invitee_id`, `invitation_event_id`,
                                `invitation_invited_at`, `accepted_at`, `rejected_at`)
VALUES (16, 24, 34, 14, '2019-01-27 14:07:15', '1976-10-28 16:52:19', '2014-08-04 19:36:08');
INSERT INTO `event_invitation` (`id`, `invitation_inviter_id`, `invitation_invitee_id`, `invitation_event_id`,
                                `invitation_invited_at`, `accepted_at`, `rejected_at`)
VALUES (17, 36, 42, 7, '1984-10-06 06:01:31', '2011-10-14 08:31:43', '2003-12-17 13:35:05');
INSERT INTO `event_invitation` (`id`, `invitation_inviter_id`, `invitation_invitee_id`, `invitation_event_id`,
                                `invitation_invited_at`, `accepted_at`, `rejected_at`)
VALUES (18, 18, 27, 17, '1979-08-02 04:27:14', '2000-05-12 07:02:40', '1994-01-16 10:33:15');
INSERT INTO `event_invitation` (`id`, `invitation_inviter_id`, `invitation_invitee_id`, `invitation_event_id`,
                                `invitation_invited_at`, `accepted_at`, `rejected_at`)
VALUES (19, 42, 26, 33, '1994-02-03 07:03:16', '1986-01-05 17:37:29', '1988-09-03 20:50:46');
INSERT INTO `event_invitation` (`id`, `invitation_inviter_id`, `invitation_invitee_id`, `invitation_event_id`,
                                `invitation_invited_at`, `accepted_at`, `rejected_at`)
VALUES (20, 8, 49, 21, '1975-12-06 13:29:17', '1970-04-04 09:45:45', '1979-06-16 07:56:20');
INSERT INTO `event_invitation` (`id`, `invitation_inviter_id`, `invitation_invitee_id`, `invitation_event_id`,
                                `invitation_invited_at`, `accepted_at`, `rejected_at`)
VALUES (21, 31, 44, 20, '1983-11-08 10:45:16', '1970-01-16 03:36:26', '1998-01-01 07:11:31');
INSERT INTO `event_invitation` (`id`, `invitation_inviter_id`, `invitation_invitee_id`, `invitation_event_id`,
                                `invitation_invited_at`, `accepted_at`, `rejected_at`)
VALUES (22, 38, 25, 12, '1992-12-07 04:20:49', '1974-04-26 05:43:49', '1981-01-25 15:39:30');
INSERT INTO `event_invitation` (`id`, `invitation_inviter_id`, `invitation_invitee_id`, `invitation_event_id`,
                                `invitation_invited_at`, `accepted_at`, `rejected_at`)
VALUES (23, 37, 16, 9, '1979-01-15 00:12:58', '2016-03-07 19:18:16', '1971-05-18 07:31:28');
INSERT INTO `event_invitation` (`id`, `invitation_inviter_id`, `invitation_invitee_id`, `invitation_event_id`,
                                `invitation_invited_at`, `accepted_at`, `rejected_at`)
VALUES (24, 44, 43, 27, '1981-09-08 07:26:49', '1996-05-18 12:11:57', '2019-09-02 20:45:40');
INSERT INTO `event_invitation` (`id`, `invitation_inviter_id`, `invitation_invitee_id`, `invitation_event_id`,
                                `invitation_invited_at`, `accepted_at`, `rejected_at`)
VALUES (25, 13, 17, 49, '1971-08-26 20:22:25', '2003-03-15 00:39:00', '2007-09-21 12:31:21');
INSERT INTO `event_invitation` (`id`, `invitation_inviter_id`, `invitation_invitee_id`, `invitation_event_id`,
                                `invitation_invited_at`, `accepted_at`, `rejected_at`)
VALUES (26, 3, 9, 49, '2001-07-23 21:41:42', '1981-05-18 17:28:23', '2010-06-25 04:41:04');
INSERT INTO `event_invitation` (`id`, `invitation_inviter_id`, `invitation_invitee_id`, `invitation_event_id`,
                                `invitation_invited_at`, `accepted_at`, `rejected_at`)
VALUES (27, 47, 43, 12, '1995-09-09 08:22:33', '1975-10-11 21:24:58', '2014-07-14 04:04:11');
INSERT INTO `event_invitation` (`id`, `invitation_inviter_id`, `invitation_invitee_id`, `invitation_event_id`,
                                `invitation_invited_at`, `accepted_at`, `rejected_at`)
VALUES (28, 30, 12, 14, '1989-06-15 09:42:14', '2015-04-14 10:42:22', '2014-08-22 19:24:20');
INSERT INTO `event_invitation` (`id`, `invitation_inviter_id`, `invitation_invitee_id`, `invitation_event_id`,
                                `invitation_invited_at`, `accepted_at`, `rejected_at`)
VALUES (29, 48, 2, 36, '1990-09-23 06:37:25', '1979-07-25 17:06:17', '2001-04-01 23:32:53');
INSERT INTO `event_invitation` (`id`, `invitation_inviter_id`, `invitation_invitee_id`, `invitation_event_id`,
                                `invitation_invited_at`, `accepted_at`, `rejected_at`)
VALUES (30, 42, 32, 26, '1985-02-11 16:27:25', '1996-05-07 12:01:27', '1993-07-22 17:54:44');
INSERT INTO `event_invitation` (`id`, `invitation_inviter_id`, `invitation_invitee_id`, `invitation_event_id`,
                                `invitation_invited_at`, `accepted_at`, `rejected_at`)
VALUES (31, 31, 38, 48, '2006-04-06 17:24:51', '2001-03-18 20:27:10', '2008-09-07 17:48:41');
INSERT INTO `event_invitation` (`id`, `invitation_inviter_id`, `invitation_invitee_id`, `invitation_event_id`,
                                `invitation_invited_at`, `accepted_at`, `rejected_at`)
VALUES (32, 14, 15, 15, '2012-05-26 21:33:42', '1977-08-12 23:31:18', '1984-01-03 13:40:02');
INSERT INTO `event_invitation` (`id`, `invitation_inviter_id`, `invitation_invitee_id`, `invitation_event_id`,
                                `invitation_invited_at`, `accepted_at`, `rejected_at`)
VALUES (33, 21, 25, 26, '2000-07-23 01:00:17', '1999-10-17 04:10:28', '1971-11-21 00:52:52');
INSERT INTO `event_invitation` (`id`, `invitation_inviter_id`, `invitation_invitee_id`, `invitation_event_id`,
                                `invitation_invited_at`, `accepted_at`, `rejected_at`)
VALUES (34, 25, 40, 6, '2000-08-08 00:42:18', '1989-09-15 08:29:39', '2000-08-13 08:44:38');
INSERT INTO `event_invitation` (`id`, `invitation_inviter_id`, `invitation_invitee_id`, `invitation_event_id`,
                                `invitation_invited_at`, `accepted_at`, `rejected_at`)
VALUES (35, 3, 47, 49, '1997-09-21 03:30:24', '2019-02-17 10:01:58', '2014-01-27 16:21:16');
INSERT INTO `event_invitation` (`id`, `invitation_inviter_id`, `invitation_invitee_id`, `invitation_event_id`,
                                `invitation_invited_at`, `accepted_at`, `rejected_at`)
VALUES (36, 50, 9, 21, '1971-04-15 08:36:56', '1978-09-28 23:26:48', '2018-03-12 10:41:37');
INSERT INTO `event_invitation` (`id`, `invitation_inviter_id`, `invitation_invitee_id`, `invitation_event_id`,
                                `invitation_invited_at`, `accepted_at`, `rejected_at`)
VALUES (37, 6, 3, 24, '2007-08-18 04:15:00', '2001-05-03 22:11:56', '2013-02-04 00:09:35');
INSERT INTO `event_invitation` (`id`, `invitation_inviter_id`, `invitation_invitee_id`, `invitation_event_id`,
                                `invitation_invited_at`, `accepted_at`, `rejected_at`)
VALUES (38, 44, 14, 12, '1975-07-22 05:17:53', '1974-09-25 23:00:47', '1986-09-05 19:14:13');
INSERT INTO `event_invitation` (`id`, `invitation_inviter_id`, `invitation_invitee_id`, `invitation_event_id`,
                                `invitation_invited_at`, `accepted_at`, `rejected_at`)
VALUES (39, 47, 21, 47, '1997-04-17 03:16:28', '2007-12-20 18:14:34', '2011-04-16 14:48:13');
INSERT INTO `event_invitation` (`id`, `invitation_inviter_id`, `invitation_invitee_id`, `invitation_event_id`,
                                `invitation_invited_at`, `accepted_at`, `rejected_at`)
VALUES (40, 9, 20, 16, '2002-01-26 17:40:33', '1970-10-28 23:39:58', '2014-12-12 09:35:41');
INSERT INTO `event_invitation` (`id`, `invitation_inviter_id`, `invitation_invitee_id`, `invitation_event_id`,
                                `invitation_invited_at`, `accepted_at`, `rejected_at`)
VALUES (41, 26, 12, 21, '2001-09-21 18:26:15', '2018-12-02 20:01:41', '1995-01-03 18:52:44');
INSERT INTO `event_invitation` (`id`, `invitation_inviter_id`, `invitation_invitee_id`, `invitation_event_id`,
                                `invitation_invited_at`, `accepted_at`, `rejected_at`)
VALUES (42, 13, 22, 1, '1989-10-24 01:37:44', '1984-11-10 04:51:59', '1989-11-20 00:57:30');
INSERT INTO `event_invitation` (`id`, `invitation_inviter_id`, `invitation_invitee_id`, `invitation_event_id`,
                                `invitation_invited_at`, `accepted_at`, `rejected_at`)
VALUES (43, 41, 25, 24, '2006-09-11 20:40:48', '2001-08-19 08:54:26', '1975-05-16 09:07:33');
INSERT INTO `event_invitation` (`id`, `invitation_inviter_id`, `invitation_invitee_id`, `invitation_event_id`,
                                `invitation_invited_at`, `accepted_at`, `rejected_at`)
VALUES (44, 37, 38, 14, '2007-11-26 00:50:33', '1977-12-10 09:52:09', '1974-12-20 14:14:35');
INSERT INTO `event_invitation` (`id`, `invitation_inviter_id`, `invitation_invitee_id`, `invitation_event_id`,
                                `invitation_invited_at`, `accepted_at`, `rejected_at`)
VALUES (45, 24, 21, 19, '1999-05-05 15:03:28', '2003-01-25 13:27:28', '1971-05-16 04:13:41');
INSERT INTO `event_invitation` (`id`, `invitation_inviter_id`, `invitation_invitee_id`, `invitation_event_id`,
                                `invitation_invited_at`, `accepted_at`, `rejected_at`)
VALUES (46, 19, 22, 7, '1971-06-17 02:54:58', '2007-01-17 13:07:05', '1994-08-21 10:33:56');
INSERT INTO `event_invitation` (`id`, `invitation_inviter_id`, `invitation_invitee_id`, `invitation_event_id`,
                                `invitation_invited_at`, `accepted_at`, `rejected_at`)
VALUES (47, 31, 46, 50, '2001-02-17 04:24:30', '2005-06-06 23:51:19', '2002-11-03 00:58:37');
INSERT INTO `event_invitation` (`id`, `invitation_inviter_id`, `invitation_invitee_id`, `invitation_event_id`,
                                `invitation_invited_at`, `accepted_at`, `rejected_at`)
VALUES (48, 12, 42, 7, '1991-03-04 21:16:34', '1996-05-10 12:36:25', '1981-12-23 15:18:16');
INSERT INTO `event_invitation` (`id`, `invitation_inviter_id`, `invitation_invitee_id`, `invitation_event_id`,
                                `invitation_invited_at`, `accepted_at`, `rejected_at`)
VALUES (49, 3, 9, 49, '1970-05-29 21:25:59', '1982-08-18 20:29:57', '1999-09-26 11:43:05');
INSERT INTO `event_invitation` (`id`, `invitation_inviter_id`, `invitation_invitee_id`, `invitation_event_id`,
                                `invitation_invited_at`, `accepted_at`, `rejected_at`)
VALUES (50, 34, 49, 39, '1972-01-21 05:34:59', '1970-09-12 20:05:15', '1998-08-25 08:03:45');